iteration,gradient_norm_on_full_trainset_avg
0,0.32695919621527186
1,0.3225661131819321
2,0.3183954138226066
3,0.3142126385519093
4,0.31004194278092967
5,0.3059436263543063
6,0.30187469712592374
7,0.2978772258071699
8,0.29393622237114614
9,0.2900929292273865
10,0.2862968538370451
11,0.2825863501994997
12,0.2789155757375176
13,0.27530048524634176
14,0.27170465732088533
15,0.26823498083219877
16,0.2648763685815596
17,0.26151767446255086
18,0.258272547933718
19,0.2550035243397852
20,0.2518105113822803
21,0.24866489266158168
22,0.2456053613074693
23,0.24260254765077605
24,0.2396319189713077
25,0.23673491104547534
26,0.23386215632906054
27,0.2310553294943416
28,0.22829639387468487
29,0.22557978426865066
30,0.22293257534565228
31,0.22033809752454686
32,0.21777118765864684
33,0.2152646917242183
34,0.21282581389845556
35,0.21038734258050185
36,0.20802315690462767
37,0.20568861856248716
38,0.203418408046049
39,0.20118221902473263
40,0.19899358721283456
41,0.19684750987550476
42,0.19472372013570222
43,0.19263128986962144
44,0.19058472230565002
45,0.18855321863046523
46,0.18657161874707634
47,0.18463309034534942
48,0.18270867743415758
49,0.18081823821005058
50,0.17898769592773542
51,0.1771599408943993
52,0.17537065779742192
53,0.1736098907336026
54,0.17188153074987506
55,0.17016434514597423
56,0.16851283827384864
57,0.16688835376834757
58,0.16524974388553912
59,0.1636408837501428
60,0.16207007716878116
61,0.16054664050113035
62,0.15903492172143013
63,0.1575367323045529
64,0.15607495409726946
65,0.1546347670091537
66,0.1532194644576627
67,0.15181715948629187
68,0.15045886403274486
69,0.14911558463499222
70,0.1477509373060728
71,0.1464474949931822
72,0.14514896543316674
73,0.14389896340491845
74,0.14265300046229418
75,0.14142345016430086
76,0.1401968401779281
77,0.13899290282459803
78,0.13779483072769633
79,0.13662565835649848
80,0.1354799050675633
81,0.13435022704990546
82,0.13323655545011004
83,0.13213851552837777
84,0.13105260796988288
85,0.13000439023787896
86,0.12895521786041078
87,0.12792129790190063
88,0.12689170103736647
89,0.12586860430955985
90,0.12486584390270347
91,0.12387910127905633
92,0.12288969174363959
93,0.12191921608911101
94,0.12098143252557818
95,0.12004754076362512
96,0.11910781855524669
97,0.11819951323142548
98,0.117291739486806
99,0.11642297878188138
100,0.11554071839723919
101,0.11466934205846571
102,0.11382142908488668
103,0.11298051162965077
104,0.11215078805184989
105,0.11132874212756978
106,0.11052506925133529
107,0.10973323040559675
108,0.10894173278082428
109,0.10817744615944032
110,0.10740747914577922
111,0.10664756104300285
112,0.10589400887563019
113,0.10514165920441498
114,0.10440946326336908
115,0.10369384652581941
116,0.10296782880070662
117,0.10225565184535283
118,0.10155891630127778
119,0.1008710895072209
120,0.1001858737419509
121,0.09950711081875904
122,0.09884553140698464
123,0.09820122257914383
124,0.09754734934269141
125,0.09690173666851329
126,0.09626771669862436
127,0.09563877644339991
128,0.09500688714904447
129,0.0943809690331084
130,0.09376937334638422
131,0.09317727659949966
132,0.09257007184787308
133,0.09197913145127332
134,0.09139650042121598
135,0.09080536590664715
136,0.0902222854831351
137,0.0896473475441379
138,0.08908464779485467
139,0.08851671817258676
140,0.08796915825144438
141,0.08742582472353522
142,0.08688718147496319
143,0.0863475383350634
144,0.08581057985735056
145,0.08529625393637834
146,0.08478094562748886
147,0.08426365080243733
148,0.08375217053905551
149,0.08324520741420913
150,0.08274883835576466
151,0.0822602943474551
152,0.08178451985934099
153,0.08130658770437552
154,0.08082598205964504
155,0.08034971363231816
156,0.0798821006918021
157,0.07941724875926567
158,0.07896329382395646
159,0.07849905931957968
160,0.07804536138634047
161,0.07758893327653231
162,0.0771459949297473
163,0.07671327590030733
164,0.07628609944902753
165,0.07585991191193718
166,0.0754416267484934
167,0.07501137333406054
168,0.07458765349033787
169,0.07417605316038708
170,0.07375939244880769
171,0.0733451300456899
172,0.07294726265837925
173,0.07254716823889155
174,0.07215205570703002
175,0.07177022521167785
176,0.07137410344048431
177,0.07099492349169516
178,0.0705977247952747
179,0.07021832588591885
180,0.06984575127823005
181,0.0694704386109862
182,0.06909963967358884
183,0.06873488914916218
184,0.06838046353138383
185,0.06801449469220107
186,0.06765580987917334
187,0.0673054232963058
188,0.06695848130486137
189,0.06660144838472641
190,0.06626127698142094
191,0.06591326202023272
192,0.06556715502753252
193,0.0652244065459654
194,0.06489294658325757
195,0.0645556336208318
196,0.06422644090111071
197,0.06390105519145994
198,0.06358747536839718
199,0.06325747266256265
200,0.06294784455865157
201,0.06263062619862994
202,0.062315325721861006
203,0.0620071240717171
204,0.06169732283245762
205,0.061392320380597096
206,0.061083184213040556
207,0.06078076414562278
208,0.06049685985925433
209,0.06020071940280184
210,0.05990548969669145
211,0.05962062818520877
212,0.05933578661451848
213,0.05904575670105063
214,0.05875896634804516
215,0.05848421580857747
216,0.05820556919858929
217,0.05793085799099357
218,0.05765768931337434
219,0.0573808856897169
220,0.057114602736447986
221,0.05684412755262543
222,0.05658846182812903
223,0.05632025919100807
224,0.056057117181602466
225,0.055793818345250934
226,0.05553769235217602
227,0.05527789402032466
228,0.05502687696294709
229,0.05476519319628117
230,0.05451071099842749
231,0.05426724728121131
232,0.05401566592426479
233,0.05376816642820792
234,0.0535193569572592
235,0.05327466278246581
236,0.053036151489692776
237,0.05280102783053102
238,0.05255767314665101
239,0.052318207177044496
240,0.052089462526634434
241,0.051860146119371564
242,0.05162133780911462
243,0.05139376415311227
244,0.05116465668682614
245,0.050929957291446726
246,0.05070429469059186
247,0.050487144852283686
248,0.05025465049397941
249,0.05002454140220132
250,0.04980390127935178
251,0.04959390303493623
252,0.04938680805979386
253,0.049178253620160574
254,0.04895849877591829
255,0.048739096118784374
256,0.048521687933427635
257,0.04830949710978224
258,0.048107290965672164
259,0.04790081651703298
260,0.047703128985877294
261,0.04749830428237069
262,0.04729497899354711
263,0.04709662464523303
264,0.04689886879965817
265,0.04670054010130917
266,0.04649980020442374
267,0.046306430235434314
268,0.04611694116356333
269,0.0459154576828372
270,0.0457192194948132
271,0.04552824877568173
272,0.04534127215469107
273,0.045160004083724226
274,0.04497340674804253
275,0.04479148853070617
276,0.044607570882913526
277,0.044419933605207476
278,0.044232964071300424
279,0.04405853658720692
280,0.04387303772602974
281,0.04369776570461964
282,0.04351599149984455
283,0.04333500660491326
284,0.043160942308991736
285,0.04298140200980256
286,0.0428134653204368
287,0.04264341983343162
288,0.042472379280883626
289,0.04230760812707381
290,0.04212918347212822
291,0.04195656562234761
292,0.04178753419947072
293,0.041618589413382576
294,0.04145022164154934
295,0.04128837194371246
296,0.04111709517301467
297,0.04095676987957701
298,0.04080107552153774
299,0.04064252376239686
300,0.04047661886744096
301,0.04031894966545928
302,0.040158564575534385
303,0.03999488077961355
304,0.03983224937703567
305,0.039672006916991964
306,0.03951789369012136
307,0.039360606681835275
308,0.03921040104433784
309,0.03906435115159487
310,0.0389102405512035
311,0.03876484615938472
312,0.038619518184140736
313,0.03847043749194281
314,0.03832541420507353
315,0.03817346550342186
316,0.038024061654697
317,0.03786948078456768
318,0.03772317195624816
319,0.03758546360697705
320,0.037439763308258156
321,0.037287354072780485
322,0.037140980801177094
323,0.03699587881711707
324,0.0368543756113912
325,0.03671434557954976
326,0.03658244882426341
327,0.036442892545536246
328,0.03630751683727324
329,0.03616593222076932
330,0.0360190675819825
331,0.035883107908182076
332,0.03574429457959602
333,0.035609248500822296
334,0.03547596182739816
335,0.0353463758707797
336,0.03522427558028775
337,0.03508876743025571
338,0.03495275066896408
339,0.03482511396133449
340,0.034694463457180975
341,0.0345716694962324
342,0.03444801445117946
343,0.03432988534936323
344,0.03421093762152742
345,0.034090615392986426
346,0.03396229301790181
347,0.03383568202654672
348,0.03370736649091184
349,0.0335828697060801
350,0.03346396711733989
351,0.03333922428151344
352,0.03321730047316345
353,0.03309152433110724
354,0.0329700962242513
355,0.0328515250268929
356,0.032728754922149536
357,0.03261020978832625
358,0.03248945525699577
359,0.03237016059669338
360,0.032252263374743434
361,0.03214198381173231
362,0.032029011881008124
363,0.03192108454846747
364,0.031808556206431964
365,0.031691489530198604
366,0.031587394231258975
367,0.031478147896549145
368,0.03136377676066321
369,0.0312533194175736
370,0.03114173583014801
371,0.031016832047875493
372,0.030903355979143694
373,0.030793539564123968
374,0.0306819465819262
375,0.030570871610526358
376,0.03046813348591935
377,0.030370235704639575
378,0.030259896462738044
379,0.030148929131710068
380,0.030047454748437553
381,0.029941554019843785
382,0.029839045247235418
383,0.029734661766622362
384,0.02963461446495196
385,0.029532180567065507
386,0.02943571180318157
387,0.02933071127205849
388,0.029219945827804107
389,0.029110334156572732
390,0.029013537591745953
391,0.028911685548683876
392,0.02881150146970802
393,0.02870938168666414
394,0.028605906614354783
395,0.02850286129642531
396,0.028409048641251423
397,0.028321049702228707
398,0.028229236715777966
399,0.02813819948083427
400,0.02805016311181317
401,0.027960442049901297
402,0.027860914663219726
403,0.027766053825893755
404,0.02767433641593991
405,0.02757884859957359
406,0.027485118565569892
407,0.02739480449533193
408,0.027292281759763885
409,0.027197771333225464
410,0.027109066988180552
411,0.027013307234791333
412,0.02691805360252361
413,0.026834012234979093
414,0.026747606657462834
415,0.0266507839149766
416,0.026566548791306915
417,0.02648075348229112
418,0.026391112211731592
419,0.026294108833365006
420,0.026203994270207087
421,0.026118536039838314
422,0.026030703139645277
423,0.025940733431015495
424,0.025860504221632087
425,0.02577556421719448
426,0.025693492212146583
427,0.025606367292466282
428,0.02552260225386982
429,0.025436963886969997
430,0.025358111973104946
431,0.025281130642885823
432,0.02520235943173595
433,0.02511699036637931
434,0.02503302964439045
435,0.024955048803240183
436,0.02487306113792887
437,0.024802494606719995
438,0.02471445878827861
439,0.024637946759782287
440,0.02455549858526916
441,0.024479741781678464
442,0.024403279338296176
443,0.024322894050763134
444,0.024249325560477118
445,0.02417169459388393
446,0.024098461614044314
447,0.024017781933404907
448,0.023937233360683284
449,0.023860479420654578
450,0.023789203815332637
451,0.02371919969346558
452,0.023641389954882946
453,0.02357244024698028
454,0.023502703654303715
455,0.023427017366127283
456,0.02335413588507463
457,0.02328293859573339
458,0.023200806247007134
459,0.023129536315059637
460,0.02305207336112581
461,0.022978884121107098
462,0.02291203596589005
463,0.022837468272365342
464,0.022771362995980864
465,0.022700483377399782
466,0.022619622451062332
467,0.022546696164257522
468,0.02247663837647178
469,0.022401923287407446
470,0.022336454972167272
471,0.022266356298196503
472,0.0221895319432714
473,0.022121658104186936
474,0.02204914964664248
475,0.021986650605513712
476,0.02191950575957267
477,0.021852543831588
478,0.02178764114774542
479,0.021717987943024746
480,0.021647553139113113
481,0.021578210179319154
482,0.02151005500232709
483,0.021440979874373683
484,0.021375963316519603
485,0.02131430898846559
486,0.021248391292140983
487,0.021183591852686045
488,0.021125780356780956
489,0.021061580067853667
490,0.020999738990870105
491,0.020935857970481926
492,0.02087381126572268
493,0.020811660491212018
494,0.020746718766560694
495,0.020680509473846177
496,0.020616419291591664
497,0.020557091280590818
498,0.020494050728340738
499,0.02043479279869095
500,0.020375706379113057
501,0.020308768353842516
502,0.020245670050514114
503,0.02017953166208388
504,0.02011782248360005
505,0.020052650447472353
506,0.019990445175594933
507,0.01992758000479729
508,0.01986199592147666
509,0.019806288049672906
510,0.019750724664234796
511,0.01969122347758145
512,0.019631485780027415
513,0.01958054258482681
514,0.01952668382115911
515,0.019464776840324372
516,0.019412028025273566
517,0.019358177680500178
518,0.019304583082055703
519,0.0192458446167261
520,0.01919013141952764
521,0.019138168445088772
522,0.01908126064849235
523,0.019025957307676138
524,0.01896233275391563
525,0.01891046029517147
526,0.018851906272709912
527,0.01879018699661463
528,0.018724209312511276
529,0.018664796550495875
530,0.01861067297413701
531,0.018551818524490435
532,0.01850160110362941
533,0.01844608302564941
534,0.01838943153297919
535,0.01833658983593012
536,0.018287275210131116
537,0.01823555705675614
538,0.01817753840642288
539,0.018115054348516704
540,0.01806803965069775
541,0.01802087082090589
542,0.017966183440940732
543,0.017917396861616502
544,0.017862669496234652
545,0.017806392314254942
546,0.017752408964867693
547,0.017701275926218413
548,0.017646009529165597
549,0.017594450132149074
550,0.01753865408819819
551,0.017494168713452406
552,0.01743987065978174
553,0.017389375571532546
554,0.017342501553001148
555,0.017291299358208376
556,0.017244407759953957
557,0.017196734896840555
558,0.017146236849487427
559,0.017098297105580383
560,0.01704818198477953
561,0.017002718599766865
562,0.016951179504818954
563,0.01690211213331205
564,0.016851519526175824
565,0.016801505289597538
566,0.016751360364062485
567,0.01670526979074265
568,0.01666134472960586
569,0.016616387877051785
570,0.01656156979037637
571,0.01652049427942596
572,0.016471204633390586
573,0.016419851686328788
574,0.016369681204484433
575,0.016318723655700116
576,0.016270865602255
577,0.016227785449958725
578,0.016182013696423275
579,0.016137457708449564
580,0.016092813923167033
581,0.016047868684454708
582,0.01600112947232084
583,0.0159646615695715
584,0.01592456563474682
585,0.01587650755753369
586,0.01582859833981653
587,0.015782861456888196
588,0.01574375861381011
589,0.015708485113032473
590,0.01567031501673149
591,0.01561631981707104
592,0.015575489718918301
593,0.015525951862506358
594,0.015482018703823005
595,0.015440660310065185
596,0.015398698120793263
597,0.015353353013792412
598,0.015319670265786779
599,0.015278924397233065
600,0.015243793084450466
601,0.015197009893008465
602,0.01515966950256463
603,0.01511931399784898
604,0.015082026468309037
605,0.015042857664841194
606,0.01500281836575199
607,0.014965281008957809
608,0.014924112857652994
609,0.014886588885146415
610,0.014842057897379838
611,0.014796441474715793
612,0.014754242170505392
613,0.01471361169723775
614,0.014671295940362278
615,0.014626182677085823
616,0.014586212111695076
617,0.014546001105423834
618,0.014506655278880499
619,0.014469967787076054
620,0.014429743249408164
621,0.014390035278284535
622,0.014348674523275661
623,0.014301767761488287
624,0.014263238329628364
625,0.014221048875341234
626,0.014190115240788958
627,0.0141431409966951
628,0.014099222447600496
629,0.014058318383879134
630,0.014024204578424671
631,0.013976950352110754
632,0.013943139641688368
633,0.01390741168017863
634,0.013857984793413769
635,0.013819202635568573
636,0.01378616111227784
637,0.013754660773640685
638,0.01371790805772392
639,0.01367925460638704
640,0.013640410747506548
641,0.01359866023933636
642,0.013563861549822132
643,0.013522730803851583
644,0.013492592296290773
645,0.01345625717389178
646,0.013417301976335635
647,0.01337604684706999
648,0.013333471343590753
649,0.013293266804378373
650,0.013257480337745254
651,0.013217012291581337
652,0.013184217799673098
653,0.013154227798659693
654,0.013125326589470401
655,0.013093432353415427
656,0.013054041282408701
657,0.013023562000404072
658,0.012992602556629906
659,0.012952723753419581
660,0.012918773841692318
661,0.012879834027995413
662,0.012843634765399065
663,0.012806097978497206
664,0.012770304952711775
665,0.012739702671355033
666,0.012709908415016524
667,0.01267419304748712
668,0.01263962175623102
669,0.01260118420073758
670,0.012572817729161375
671,0.012540133345447083
672,0.012498159255528569
673,0.012463610595185182
674,0.012429919260208928
675,0.0123978477974506
676,0.012365990674975614
677,0.01234036334226241
678,0.01230448948505671
679,0.01227922425644621
680,0.012240331452465647
681,0.012216117433566695
682,0.01218350771885712
683,0.012154018077698593
684,0.012119219673444785
685,0.012086246882603478
686,0.012048754980412451
687,0.012018707914944854
688,0.0119916567213255
689,0.011960156676071103
690,0.011925752636606411
691,0.011888051400710042
692,0.011850154807408732
693,0.011816028109369716
694,0.011788133755876447
695,0.011758772235153479
696,0.011721992997600995
697,0.011690477467068874
698,0.011659881364840839
699,0.011625293274348003
700,0.01159313170749675
701,0.011564616590798925
702,0.011529407545416311
703,0.01149484004172103
704,0.011460297115325485
705,0.011426426323230304
706,0.01139780420404626
707,0.011364724027631227
708,0.011336397511664015
709,0.011302231867589574
710,0.011270189598961927
711,0.01123684472016206
712,0.011212394596882527
713,0.011185998198898367
714,0.01116128899769488
715,0.011130418120405473
716,0.011100396171030005
717,0.011068869565344563
718,0.01104109895662251
719,0.01100957677901368
720,0.01098310732473406
721,0.01095398151271952
722,0.010931839294419456
723,0.010904386129817343
724,0.010873645391279708
725,0.010848282222370784
726,0.010822373735652027
727,0.01078954366818992
728,0.010753797797109065
729,0.010724988095872459
730,0.01069449320499265
731,0.01066716469741342
732,0.010636793097401096
733,0.010608206589511948
734,0.010585521298306413
735,0.010561904184960492
736,0.010537885538823405
737,0.01050376513030719
738,0.010480647920030246
739,0.01045354093530837
740,0.010432994228617092
741,0.01040161883281614
742,0.010373968326842016
743,0.010351581286724258
744,0.010319279679974763
745,0.010294686527005499
746,0.01026681455702751
747,0.010246433785619981
748,0.010224832089218365
749,0.010205283451723566
750,0.010174409317345133
751,0.01015355600798756
752,0.010135285619545308
753,0.010109338811513179
754,0.010085217086547367
755,0.010061249485002923
756,0.010032801295617058
757,0.010011080279545368
758,0.009982810238618023
759,0.009960708659771465
760,0.00993403809171368
761,0.009910138710637008
762,0.009890807356632428
763,0.009862646206558414
764,0.009839616584436396
765,0.009815304301324403
766,0.00979100601763506
767,0.009768171980769073
768,0.009743247683790488
769,0.009717574722232215
770,0.009695924245688776
771,0.009667669859684293
772,0.009642821311479593
773,0.00961435728134822
774,0.009596682582893364
775,0.009570935550967734
776,0.009545957899834884
777,0.009526993977164642
778,0.009500506478104912
779,0.00947117254229451
780,0.009442073645919587
781,0.009417160822542833
782,0.009397816680091011
783,0.009371564059754589
784,0.009347638785815878
785,0.009326801806597179
786,0.009306517488347734
787,0.009286399931658838
788,0.00926169680338309
789,0.00923570793640086
790,0.009211534754286908
791,0.009193405492124954
792,0.009165284148470995
793,0.009139936610396776
794,0.009115287264914358
795,0.009093109351833707
796,0.009069540690371188
797,0.009045315885704777
798,0.009016909747775878
799,0.008995083528626496
800,0.008973064550317142
801,0.008953323897318228
802,0.008931220433855372
803,0.008906781768250164
804,0.008885681845491256
805,0.0088744486649903
806,0.008859303422670972
807,0.00882958138103087
808,0.008807323700540926
809,0.008786690979227563
810,0.008774485850691818
811,0.008748212874544222
812,0.008718943192855697
813,0.008702233693991323
814,0.008676069042364181
815,0.008653766597903855
816,0.008627598713366144
817,0.008606972894238916
818,0.008585234896734994
819,0.008563839111752913
820,0.008547707170704877
821,0.008525198406430887
822,0.008503479995279579
823,0.00847848226380829
824,0.008458507976025171
825,0.008444717148799087
826,0.008421481782390975
827,0.008411244721954293
828,0.008390563198942904
829,0.008370776927278268
830,0.008350311313014083
831,0.008325231425244528
832,0.008298669231291664
833,0.008271838457752133
834,0.008250669895927603
835,0.00822682709139164
836,0.008207721138405576
837,0.008188380464242345
838,0.008176169197312694
839,0.008156432162281634
840,0.008136592357073768
841,0.008116014727313678
842,0.008096812960432492
843,0.008080139949281195
844,0.008064730071095452
845,0.008041661959836468
846,0.00801447951203493
847,0.007988449087218496
848,0.007966978996672822
849,0.007954129680876065
850,0.007936606469003012
851,0.007912608700643656
852,0.007896971424136322
853,0.007879763131537997
854,0.007862571515437202
855,0.007844418483016704
856,0.007821952550830605
857,0.007801733238085762
858,0.007780758989465002
859,0.00775681144155733
860,0.00774096041467945
861,0.00772272789731511
862,0.0076969128274462836
863,0.007688000303895379
864,0.007677504108347212
865,0.007654983017857603
866,0.007630295477729266
867,0.007620284713009779
868,0.007603742958460513
869,0.007588000060061585
870,0.007577983919247727
871,0.0075566693677364015
872,0.007537919793667155
873,0.007530977122187544
874,0.007513761357012508
875,0.007495671656901464
876,0.007477067401732795
877,0.007456250658925566
878,0.007441362208240686
879,0.007423660258378195
880,0.007405040325350304
881,0.0073867990122447
882,0.007376790633260287
883,0.007359503778694874
884,0.007334897801668061
885,0.007312639136655391
886,0.007298777923749847
887,0.0072843058067651855
888,0.007261700448435179
889,0.007238881320840912
890,0.007224336938963493
891,0.007209283314907898
892,0.0071876332799005235
893,0.007164022075283394
894,0.00714321261585701
895,0.0071231400061087915
896,0.0071064213024170375
897,0.007088433290962733
898,0.007069877714321486
899,0.007050973330593682
900,0.007037540620586848
901,0.007018518487520964
902,0.007006071108776135
903,0.006990938015187194
904,0.006973818190890381
905,0.00695722592643689
906,0.00694044627660712
907,0.006921547034381739
908,0.006909954399323882
909,0.006888263294690983
910,0.0068711582244550705
911,0.00685114673327483
912,0.00683936540942357
913,0.006824486922385303
914,0.006805464238202513
915,0.00678434775356782
916,0.00677284375712576
917,0.006761774426954957
918,0.006738461549025697
919,0.006718456915508572
920,0.0066987158246729185
921,0.006683727196205086
922,0.00666238923976063
923,0.006638289769340973
924,0.0066230610384972995
925,0.006609679669739033
926,0.006591709330211961
927,0.006567987722485943
928,0.006549072336129435
929,0.0065316587370248674
930,0.006516510555897352
931,0.006501221968392974
932,0.006482566267869183
933,0.006466325681449577
934,0.006443364074794093
935,0.006426116806071758
936,0.006416356637524212
937,0.00640684348209377
938,0.006392322780133984
939,0.006377071729719505
940,0.006365558155925065
941,0.0063570342894951086
942,0.006345468159621785
943,0.006327628574824236
944,0.006304653647352188
945,0.006293664925373967
946,0.006276994004379021
947,0.00626717593655945
948,0.006251915868045152
949,0.006242588017102921
950,0.006227158820411785
951,0.006213683847223433
952,0.006192413182916483
953,0.00618549023229133
954,0.006171066520144363
955,0.006158600373969511
956,0.006140554990135533
957,0.006130596909884979
958,0.006120961061291832
959,0.006106210366437197
960,0.006097795157768893
961,0.006089207568326321
962,0.006076766937616579
963,0.006062525420569195
964,0.006044458535210888
965,0.006025555723337303
966,0.006015084523177378
967,0.006001779460215013
968,0.005982574758947099
969,0.005967142259373283
970,0.00595393868745212
971,0.005936110773396484
972,0.005917538462544257
973,0.005902686745200327
974,0.005887439491565596
975,0.005877457582364223
976,0.005863268606410159
977,0.005848921862114586
978,0.005835362999655154
979,0.005823159435722829
980,0.005812450270586709
981,0.005801347405036157
982,0.00578950459494343
983,0.005772019379180131
984,0.005754303535043604
985,0.0057303499884565606
986,0.005716065326578404
987,0.005699662777355076
988,0.005690915339716341
989,0.005673918970633044
990,0.005666782513492512
991,0.0056496436311133545
992,0.005638392804051544
993,0.005631685463789357
994,0.005625722061719889
995,0.005608464496216563
996,0.005592840262146573
997,0.005577860634691316
998,0.005566895858005976
999,0.005561637671614542
1000,0.005543402210533665
1001,0.005524490738956892
1002,0.0055114263296787746
1003,0.00549179828680439
1004,0.005475625791901148
1005,0.005469624775978071
1006,0.005455831734297685
1007,0.005448385558932298
1008,0.005435749961689034
1009,0.005433888652788798
1010,0.005417596831298289
1011,0.005397994289173276
1012,0.005388101946896235
1013,0.005381353203222317
1014,0.005376976523894271
1015,0.0053670397138562715
1016,0.005358479063497379
1017,0.005344681220352727
1018,0.005326261067315302
1019,0.005322610080065153
1020,0.005312177874696749
1021,0.0053067008299217105
1022,0.005297046795748412
1023,0.005284590323231932
1024,0.005269277732859469
1025,0.0052565944686403365
1026,0.0052396409714588225
1027,0.005232208056500518
1028,0.005214646705470252
1029,0.005209422194947065
1030,0.005187827255797461
1031,0.005170025418056984
1032,0.0051615312631663095
1033,0.0051596394559312074
1034,0.005140576715225666
1035,0.005142105781466835
1036,0.005122342307178519
1037,0.005116331933890226
1038,0.005106013664098181
1039,0.0050981483718890745
1040,0.005086140511895358
1041,0.005074593293627336
1042,0.005063402857608675
1043,0.005048438987747759
1044,0.0050317796743736065
1045,0.005014750921591136
1046,0.005008713868646613
1047,0.00500176812837652
1048,0.004993718201372336
1049,0.004979529534456517
1050,0.0049763079647612935
1051,0.004961095555804063
1052,0.004963297583809487
1053,0.004956464091290568
1054,0.004946995350007392
1055,0.004933933227397154
1056,0.00492598044398729
1057,0.00491825887767404
1058,0.0048992288017905995
1059,0.004894575435940562
1060,0.0048787209475372175
1061,0.004873582648529975
1062,0.004863999236955237
1063,0.004846399524623718
1064,0.0048311048051908586
1065,0.004822613297222211
1066,0.0048223257335678485
1067,0.004818039413737402
1068,0.004809249577869101
1069,0.004796820160092659
1070,0.00478138049422353
1071,0.004783957012959421
1072,0.004773986232511752
1073,0.004753527139428001
1074,0.004738860076749883
1075,0.00473506205326839
1076,0.004728152441190857
1077,0.004724050185415744
1078,0.004714426711272144
1079,0.004708357199995161
1080,0.004708718961302749
1081,0.0047079912114771595
1082,0.0046967477728232345
1083,0.004679368329248528
1084,0.004668029101643788
1085,0.004661109811603123
1086,0.00463953976913758
1087,0.004632233124727658
1088,0.004626191416594172
1089,0.004626689457216384
1090,0.0046202416936589165
1091,0.004602614084755641
1092,0.004588486761903215
1093,0.004581758630364896
1094,0.004574399841455699
1095,0.004560593963218916
1096,0.004556479760793439
1097,0.004555656742292343
1098,0.004549445802934553
1099,0.004536233664284455
1100,0.004532277158315859
1101,0.004517591194825111
1102,0.004504247114792163
1103,0.004484311969987911
1104,0.004476210361636243
1105,0.004475485225075801
1106,0.004459136116540909
1107,0.004453767921843057
1108,0.004436691446765352
1109,0.00442996483170502
1110,0.004420783852546633
1111,0.004399899501242382
1112,0.004388062257054418
1113,0.004379833203545077
1114,0.004373099357758243
1115,0.004362306475191363
1116,0.004359758810052271
1117,0.004345137722093956
1118,0.004332077270881795
1119,0.004322520048198918
1120,0.004309171819039977
1121,0.004297620745060981
1122,0.0042927311509601855
1123,0.004299528560283378
1124,0.004294847877532853
1125,0.004286286718483044
1126,0.004277002750105623
1127,0.004261607454603949
1128,0.004273675176536734
1129,0.004265224734063188
1130,0.004250694510499025
1131,0.004242079565419008
1132,0.004231805527686554
1133,0.004225609466430792
1134,0.004219404249790094
1135,0.0042052074708434865
1136,0.004196189907919791
1137,0.004185370015704909
1138,0.004166867379772709
1139,0.004161500103693446
1140,0.004155549135178527
1141,0.004140705694910025
1142,0.004130536047282815
1143,0.004125043090007248
1144,0.004104361542633267
1145,0.00409764888328197
1146,0.004082716775355944
1147,0.004079956062538093
1148,0.0040832661803014494
1149,0.004069166716341492
1150,0.004054452878186517
1151,0.004049340060068291
1152,0.004043765494917779
1153,0.004043239138846405
1154,0.004037624836769197
1155,0.004038711499894725
1156,0.004033500251479647
1157,0.00401664643747828
1158,0.004012415521642549
1159,0.004004337178762195
1160,0.003991028016055297
1161,0.0039835640927653754
1162,0.003978465020669158
1163,0.003976763223587006
1164,0.003958363954613227
1165,0.003949906638300528
1166,0.003928786534360485
1167,0.003912825119242634
1168,0.0039005115013078786
1169,0.0038842354169248056
1170,0.0038702461324072457
1171,0.003872737341849004
1172,0.0038558821039537763
1173,0.003862562215050423
1174,0.0038539645221934717
1175,0.0038558788546456
1176,0.0038601350010557603
1177,0.003855303351667106
1178,0.0038378746040272256
1179,0.0038229410286222077
1180,0.003817391771006396
1181,0.0038138568631939187
1182,0.003814076675297816
1183,0.0038006129829469214
1184,0.0038004954735295395
1185,0.0037974701860634986
1186,0.003785168428407424
1187,0.0037765429779522096
1188,0.003771805454558119
1189,0.0037650135507723607
1190,0.0037498665531127038
1191,0.003739516509697122
1192,0.0037270896980800146
1193,0.0037322285961681767
1194,0.0037239390545389583
1195,0.0037187383663251543
1196,0.0036979236659229883
1197,0.0036795271479026642
1198,0.0036734378545870876
1199,0.0036651803849550605
1200,0.00365836005974001
1201,0.0036558862117442373
1202,0.003652280711889783
1203,0.003636596607306023
1204,0.0036229998401786897
1205,0.0036199892808201164
1206,0.003609996416521944
1207,0.0036043579633761582
1208,0.00359110346465445
1209,0.0035859751208092254
1210,0.0035768929778783854
1211,0.0035534333637842314
1212,0.0035526463791913784
1213,0.003537512901302826
1214,0.003547347255032201
1215,0.00353554351604363
1216,0.003523830865411788
1217,0.003515525758294258
1218,0.0035166648326954743
1219,0.00351825673660347
1220,0.0035018107268223
1221,0.0035001826179791814
1222,0.0034948997929085145
1223,0.0034871697431002185
1224,0.003485625208555893
1225,0.0034780270993252406
1226,0.0034724506841497436
1227,0.0034712541508395934
1228,0.0034716445685868415
1229,0.0034743048987776713
1230,0.0034639208334616796
1231,0.003462038459345928
1232,0.003446394536356163
1233,0.003438382696339305
1234,0.003434814808404093
1235,0.0034345310258061313
1236,0.0034428195882368895
1237,0.0034358153024689766
1238,0.0034316195757953874
1239,0.0034369885110531197
1240,0.0034226637298579387
1241,0.0034184563090947665
1242,0.0034075671166124088
1243,0.0033998211284045773
1244,0.0033925330149597844
1245,0.0033928317913605593
1246,0.0033860732053444587
1247,0.00338305897635485
1248,0.0033716285310371767
1249,0.0033544410183156902
1250,0.0033539144026082796
1251,0.003353948386801857
1252,0.0033508663623758894
1253,0.0033350877000992403
1254,0.0033117845595616964
1255,0.003305566741507497
1256,0.0032965037214715475
1257,0.0032965412685079395
1258,0.0032822503295580055
1259,0.0032632682689321887
1260,0.003257629738518712
1261,0.0032543197054560324
1262,0.003241386849889544
1263,0.0032252303732308815
1264,0.0032316376450763503
1265,0.0032274137217087723
1266,0.003229488107406738
1267,0.0032334512792391024
1268,0.003221153080160974
1269,0.0032134731784736505
1270,0.003203735371458665
1271,0.0031990551884099145
1272,0.003180737430077389
1273,0.003180315306895562
1274,0.0031661553519926992
1275,0.0031651102843515905
1276,0.003157711954207454
1277,0.0031571454491967216
1278,0.003151332358267339
1279,0.003131922896182162
1280,0.003136648561947314
1281,0.003113588126474269
1282,0.0031009529018978287
1283,0.0031181124875861383
1284,0.003118994967955345
1285,0.003101035607230045
1286,0.0031188914527432833
1287,0.003118385442963419
1288,0.0031009376354261525
1289,0.0030987693468430937
1290,0.0030997869719833235
1291,0.0030963303182766208
1292,0.003095986872078622
1293,0.003081026526507143
1294,0.003082753934194362
1295,0.0030768427954698157
1296,0.0030745798698848708
1297,0.003057947731183783
1298,0.003049046441085477
1299,0.003046482393312066
1300,0.0030270795183618263
1301,0.0030259651994006148
1302,0.0030232456345130787
1303,0.0030128858537924732
1304,0.0030136841517842882
1305,0.0029886880319591564
1306,0.002996953255354918
1307,0.002990661593033247
1308,0.0029698432160296315
1309,0.0029597874060907784
1310,0.0029667346924069247
1311,0.002963703561791234
1312,0.0029401423008541413
1313,0.0029265192120801428
1314,0.0029170192907844376
1315,0.0029247435268247293
1316,0.0029347590809263293
1317,0.002932678595224285
1318,0.002915821319842217
1319,0.0029145819496381375
1320,0.002902870531421032
1321,0.0029070507383086126
1322,0.002897700933727986
1323,0.00290224918037692
1324,0.002889327577467112
1325,0.0028910155781177614
1326,0.0028904168074893504
1327,0.00289098271045154
1328,0.0028758555937191074
1329,0.00288653400506266
1330,0.002876682623397196
1331,0.0028766051138268875
1332,0.0028912748090592537
1333,0.0029015888450748956
1334,0.002904237892009512
1335,0.0028993848444969963
1336,0.0029033120202666325
1337,0.0028949705958467215
1338,0.0028807753531820295
1339,0.0028865149926208707
1340,0.0028941585538460523
1341,0.0028871529585673098
1342,0.0028812655542367577
1343,0.0028621097842052214
1344,0.0028712351515356675
1345,0.0028411505685062887
1346,0.0028562710844223494
1347,0.0028488336601127902
1348,0.002843380760446489
1349,0.0028453362413569197
1350,0.00284315059088405
1351,0.0028371629551877573
1352,0.0028301168072600268
1353,0.00282355032897317
1354,0.002814197677368268
1355,0.0028042060809183957
1356,0.0027999174324996323
1357,0.002798733892240778
1358,0.0027975253111906665
1359,0.0027992464758315955
1360,0.00278479887258036
1361,0.002767855983268643
1362,0.002761015206425825
1363,0.0027576420553002317
1364,0.0027804699095991415
1365,0.0027752644123390734
1366,0.0027685347094669214
1367,0.0027544126519553807
1368,0.0027284572490160687
1369,0.0027352457681036604
1370,0.002734901303324412
1371,0.0027357530710690353
1372,0.002754505384939882
1373,0.0027464843315390536
1374,0.002738364155664916
1375,0.0027328444787291218
1376,0.0027267328682454147
1377,0.0027267860450822046
1378,0.002735206084411453
1379,0.002729486919907066
1380,0.002728374584672416
1381,0.002724618466974757
1382,0.00273935903963626
1383,0.0027412086739489936
1384,0.002752847168735708
1385,0.0027473103455135637
1386,0.0027417624514491402
1387,0.00274968467629265
1388,0.002739330699299475
1389,0.002728073499274299
1390,0.0027278980630333683
1391,0.0027179830997364294
1392,0.002703601937783823
1393,0.002701715848272816
1394,0.00269669726691721
1395,0.002682091459545894
1396,0.0026764512498834254
1397,0.0026554523726265286
1398,0.0026408067945501313
1399,0.002634592147542716
1400,0.002637433596881184
1401,0.0026349222351703875
1402,0.002622805120203536
1403,0.0026186271971610493
1404,0.00259196810884678
1405,0.002588723986174517
1406,0.002591455758133745
1407,0.002588929530482944
1408,0.002587256676538504
1409,0.002570839504388678
1410,0.0025735339408292845
1411,0.0025764697736017014
1412,0.0025655264894983154
1413,0.0025705599302590716
1414,0.0025728673734609227
1415,0.002558091986756568
1416,0.0025541264012406382
1417,0.0025651164443581814
1418,0.002562277566115119
1419,0.0025630578228769685
1420,0.00254884101539167
1421,0.0025466891147293493
1422,0.002550525248164074
1423,0.0025621052939703718
1424,0.00256837591364185
1425,0.0025552525951369385
1426,0.0025396672425252766
1427,0.0025349630542566915
1428,0.002520015414590065
1429,0.00251177526266364
1430,0.0025214068125983154
1431,0.002506858664389817
1432,0.0024992618740426217
1433,0.002514797993320256
1434,0.0025014995317217503
1435,0.002512379163207903
1436,0.002505268491501088
1437,0.0025070342040425884
1438,0.0024938207318375306
1439,0.002494774548480203
1440,0.002507955883871013
1441,0.0025181212089280826
1442,0.0025122784327062616
1443,0.0025029765441839805
1444,0.0025031912931331064
1445,0.0025014208186437898
1446,0.002495525817176523
1447,0.002481152440253733
1448,0.0024739950208590624
1449,0.0024765353378053277
1450,0.0024439542562955567
1451,0.0024257494644318554
1452,0.002406802310402284
1453,0.0024021302581100474
1454,0.0024086372700605945
1455,0.002405921392363935
1456,0.0023956866986572867
1457,0.002382648853750541
1458,0.002361878304101922
1459,0.002355565128042956
1460,0.002337545782582539
1461,0.0023161531722029256
1462,0.002332406137223983
1463,0.002322964545543155
1464,0.0023287778883519018
1465,0.0023394225551306574
1466,0.0023294434019786097
1467,0.0023245529300732876
1468,0.002332221201168375
1469,0.00233236982753062
1470,0.0023325954302015816
1471,0.00232238197835267
1472,0.002338047359371687
1473,0.0023387197301508768
1474,0.0023367563369461855
1475,0.0023214147003461777
1476,0.002330050158539889
1477,0.0023235987131221296
1478,0.002320595784892278
1479,0.002310767196194523
1480,0.002310138724109497
1481,0.002315684814238883
1482,0.0023323960345060487
1483,0.0023318595160212174
1484,0.0023180341503113654
1485,0.0023066120516935947
1486,0.002284881306696607
1487,0.0022982734953996926
1488,0.002302058820303777
1489,0.0023045028636412314
1490,0.002297779265476315
1491,0.002293683017004662
1492,0.0022762261628893033
1493,0.002268235273249225
1494,0.0022619596693174045
1495,0.002257618781677968
1496,0.0022576825258882063
1497,0.0022479874225717106
1498,0.0022322854143634703
1499,0.0022196140863823717
1500,0.0022202923620330602
1501,0.0022046565951204878
1502,0.0022037070546253664
1503,0.002195255826177704
1504,0.0022079992184375835
1505,0.002209372472095958
1506,0.002196826102392408
1507,0.002196225083724024
1508,0.0022059232013180246
1509,0.0022248120147097764
1510,0.0022339775499495705
1511,0.002224560296136035
1512,0.002231861747237089
1513,0.0022445706550003643
1514,0.0022441955901477384
1515,0.002264475672650711
1516,0.002264395049118643
1517,0.002262706780973982
1518,0.0022631937883156547
1519,0.002266577310185481
1520,0.0022422380079140107
1521,0.0022312653155114946
1522,0.0022134151701922156
1523,0.002209942151220318
1524,0.002207022201907916
1525,0.0021948516157855153
1526,0.002188884459587557
1527,0.002178173840947167
1528,0.002189278340207067
1529,0.002178057912703544
1530,0.002170180034539171
1531,0.0021710286865028253
1532,0.00217876156591645
1533,0.0021731733809953495
1534,0.0021605584715622033
1535,0.002150939146146847
1536,0.002148308909558481
1537,0.0021391476364614227
1538,0.0021251174238840274
1539,0.0021325266103659583
1540,0.002147568772598941
1541,0.0021400173106027797
1542,0.002136450535601472
1543,0.00212976678696544
1544,0.002117763396214533
1545,0.0021192142757458852
1546,0.0021397792536631084
1547,0.002141196863554743
1548,0.002141083780930618
1549,0.002126430957172975
1550,0.002147085181435235
1551,0.002165090057780377
1552,0.002147755990848497
1553,0.0021590560799098187
1554,0.002161637183824334
1555,0.0021511583720527972
1556,0.00215738333171457
1557,0.002166098547697405
1558,0.002165109393932865
1559,0.0021740312439831643
1560,0.0021476864965569815
1561,0.002148485428067788
1562,0.0021457660983964805
1563,0.0021311808702374137
1564,0.002156356022547998
1565,0.0021694057829932368
1566,0.0021718633686383672
1567,0.002158328920690749
1568,0.0021517302949751265
1569,0.0021615894675020573
1570,0.0021508023527427797
1571,0.002156275559323338
1572,0.0021445796910052324
1573,0.002135150578453551
1574,0.0021196354169923464
1575,0.0021123299443127517
1576,0.0021249336037196614
1577,0.002125527554199939
1578,0.002123337783524327
1579,0.002101286116165407
1580,0.002109728825469265
1581,0.0021137355183460165
1582,0.0020997323303702108
1583,0.0021169372463227783
1584,0.0021165041032118865
1585,0.00212230091382624
1586,0.002113267597734819
1587,0.0021405711736081708
1588,0.0021376679752043914
1589,0.002145488466178577
1590,0.002145829806428876
1591,0.0021460353592069057
1592,0.002128928405609125
1593,0.002132559357469795
1594,0.002155681265934891
1595,0.0021492607808374065
1596,0.002146498476490211
1597,0.0021191386583740033
1598,0.0021342294686539504
1599,0.0021452056109389304
1600,0.0021551832053649787
1601,0.0021494943103724253
1602,0.0021481784574513127
1603,0.002139089181756923
1604,0.0021396462544599846
1605,0.0021275387229747313
1606,0.0021290683972209493
1607,0.0021192522961952726
1608,0.0021173875689878465
1609,0.0021277837953725147
1610,0.0021175912157277705
1611,0.002126882039995895
1612,0.0021317182482160717
1613,0.0021352658227930172
1614,0.00212781865988905
1615,0.002135740665711846
1616,0.0021412518778971593
1617,0.0021368254092741625
1618,0.002147157142530858
1619,0.0021366978808434745
1620,0.002143528991498186
1621,0.002154250007359085
1622,0.0021548316952574287
1623,0.002157761868865614
1624,0.002162483439479251
1625,0.002161917398883652
1626,0.002150319625149911
1627,0.0021286205279243972
1628,0.0021285353395449373
1629,0.0021289728845099174
1630,0.002121382837961
1631,0.002124862569512452
1632,0.0021232045239434317
1633,0.0021278455136431542
1634,0.0021217710247273445
1635,0.002119480492616467
1636,0.0021195475317145446
1637,0.0020965825334570134
1638,0.002066066866891372
1639,0.002041854342839198
1640,0.0020481358414371257
1641,0.002048523772339494
1642,0.0020260007442521144
1643,0.0020074869050175567
1644,0.0019985093724385512
1645,0.0020054559536808515
1646,0.002022936778632846
1647,0.002017577177927362
1648,0.002003187675413152
1649,0.001985952007714876
1650,0.0019801714081437334
1651,0.001970324420014841
1652,0.00198064829288651
1653,0.00195903425799795
1654,0.00196910018052236
1655,0.0019687873807172035
1656,0.001964852430484578
1657,0.0019565642196400193
1658,0.0019635029429704827
1659,0.0019571072704500725
1660,0.0019402021695638094
1661,0.0019532878992523364
1662,0.001945406611115165
1663,0.001959504249931263
1664,0.0019567577799038303
1665,0.0019376523562590752
1666,0.001957712586464262
1667,0.001951768420170618
1668,0.0019627503712137686
1669,0.0019579109176920562
1670,0.0019419613201231076
1671,0.0019411296248913073
1672,0.001953767141841617
1673,0.0019528499978350637
1674,0.0019582450367133996
1675,0.0019768264321762758
1676,0.0019684492685405966
1677,0.0019394779398177035
1678,0.0019392896218923586
1679,0.0019144274572787615
1680,0.0019050540613785437
1681,0.001902131316016277
1682,0.001915044331070675
1683,0.0019087413362825676
1684,0.0019106514159212724
1685,0.0018995570044256515
1686,0.001866967951918369
1687,0.0018609757219377402
1688,0.001841927941898815
1689,0.0018410481569219287
1690,0.0018244004492075604
1691,0.0018266897253583249
1692,0.001837137782224607
1693,0.0018303104465200253
1694,0.0018194971185370057
1695,0.0018347194757742287
1696,0.0018260135303242533
1697,0.001836447708827345
1698,0.0018440147586987273
1699,0.0018495237916174721
1700,0.0018486366339526814
1701,0.0018353727689322682
1702,0.0018389394035088693
1703,0.0018216185392685475
1704,0.0018200951985461657
1705,0.001792544619975835
1706,0.0018089936482552384
1707,0.0018099947854723687
1708,0.0018182273110504178
1709,0.0018263143884078962
1710,0.0018330595663987562
1711,0.0018300193045528421
1712,0.0018180610783899587
1713,0.0018112202670385973
1714,0.0018247454500099844
1715,0.0018227064094368313
1716,0.001822122152204008
1717,0.0018171861031326952
1718,0.0018129546608612085
1719,0.0018190725481159159
1720,0.0018380446750764774
1721,0.0018290409815299846
1722,0.001821041258721978
1723,0.0018262939437973622
1724,0.0018301841369265698
1725,0.0018282909491507348
1726,0.0018227014450443405
1727,0.0018344269379899647
1728,0.0018419607372285752
1729,0.0018332075734961502
1730,0.0018394394818108644
1731,0.0018595948075407916
1732,0.0018770304899577161
1733,0.0018724724107172293
1734,0.0018878139892135562
1735,0.0018972043344844438
1736,0.0018834057354958785
1737,0.0018576199097888875
1738,0.0018483335812328784
1739,0.0018577933496240514
1740,0.0018507244865668057
1741,0.0018355429198905833
1742,0.00183792926715928
1743,0.001835686661021494
1744,0.0018391521121652085
1745,0.0018136675682564676
1746,0.0017963367505233502
1747,0.0017949146775081849
1748,0.0017860777265586857
1749,0.0017814124789465341
1750,0.0017890005081941148
1751,0.0017735957223233502
1752,0.0017552649466524774
1753,0.0017444984216328113
1754,0.0017243368821790923
1755,0.001719552341298311
1756,0.001729317583298601
1757,0.0017338626139981913
1758,0.0017259097213944852
1759,0.001714517760525135
1760,0.0017324099560748513
1761,0.0017330976968157608
1762,0.0017751495704465415
1763,0.0017821477632790849
1764,0.0017864803008541107
1765,0.001781214530605381
1766,0.0017704837155971538
1767,0.0017662172905350173
1768,0.0017438252276064485
1769,0.0017548758167269477
1770,0.0017552946307859397
1771,0.0017659097890376705
1772,0.0017550498344350335
1773,0.0017408971210665757
1774,0.0017428335413404218
1775,0.0017418671588053873
1776,0.0017478719235465706
1777,0.0017526638856515697
1778,0.001786987789850016
1779,0.0017983746351349003
1780,0.0018020212141639548
1781,0.001821543950196139
1782,0.0017951052090270808
1783,0.0017846626758274374
1784,0.0017730151587505051
1785,0.001788762686754383
1786,0.0017870767554751706
1787,0.0017552178407876176
1788,0.0017667803357096189
1789,0.0017785290314531702
1790,0.0017757827618470785
1791,0.0017668148268169593
1792,0.0017634205828632773
1793,0.0017628062746210301
1794,0.0017869001092625137
1795,0.0017893117463354605
1796,0.0018056466523270307
1797,0.0018031844290714257
1798,0.0018147760143283026
1799,0.0018214335617042442
1800,0.001812344559036037
1801,0.0018132746299260843
1802,0.0018192443365696968
1803,0.0018066792467670626
1804,0.0017948867380215162
1805,0.0017860516040385285
1806,0.0017727721423899897
1807,0.0017527443158819437
1808,0.0017816327373519855
1809,0.0017795679378011901
1810,0.0017945561803243766
1811,0.0018178741285023881
1812,0.0018277193848868245
1813,0.0018494108355358867
1814,0.0018687779021758725
1815,0.0018834573153880536
1816,0.0018846575830982419
1817,0.0018733645168708692
1818,0.0018697962475874325
1819,0.0018745561154497286
1820,0.0018772508698967176
1821,0.0018808958311030022
1822,0.001887392896988111
1823,0.0018573275141575362
1824,0.001848458098225292
1825,0.0018747050520698013
1826,0.0018551336030105813
1827,0.0018360072798743812
1828,0.0018228363485142847
1829,0.0018049454717366739
1830,0.0017851916580645653
1831,0.0017769915315573343
1832,0.001737326269599556
1833,0.0017228486202243583
1834,0.0017207844376213165
1835,0.00171583222908623
1836,0.0016950066019672555
1837,0.0016973142933167991
1838,0.0016744270570937698
1839,0.0016529483581813529
1840,0.0016504877290324117
1841,0.001640742332964136
1842,0.001633437380225129
1843,0.0016426367480415927
1844,0.0016245587618831346
1845,0.0016186946454347852
1846,0.0016258826199042242
1847,0.0016579507781571197
1848,0.0016615258527810997
1849,0.001649670396556234
1850,0.0016419200279722984
1851,0.0016367726769156324
1852,0.0016356228083057
1853,0.0016412705928375592
1854,0.0016501124679936707
1855,0.0016754729588404579
1856,0.0016623729603466371
1857,0.001670719496861664
1858,0.0016705581720817587
1859,0.0016610078557510385
1860,0.001660293807290624
1861,0.0016604734234611554
1862,0.0016752587630217597
1863,0.0016669661944662066
1864,0.0016573556613362112
1865,0.001657123387760933
1866,0.0016563413877551524
1867,0.0016715244010976674
1868,0.0016833666351678263
1869,0.0016828452507807097
1870,0.0017114187961531472
1871,0.0017213753033405899
1872,0.0017435239131531894
1873,0.0017580427279947383
1874,0.0017430788014867308
1875,0.0017423388583471286
1876,0.0017442647832274748
1877,0.0017243705978747283
1878,0.0017235924600954322
1879,0.0017385364649673992
1880,0.0017314383235423156
1881,0.0017262963935422387
1882,0.00172989638452029
1883,0.0017123202487603693
1884,0.0017031533306888277
1885,0.0016895765911781491
1886,0.0017054656925017716
1887,0.0017025817387156163
1888,0.001720385955171896
1889,0.0017208896993638292
1890,0.0017183844365122477
1891,0.0017058105049599862
1892,0.0017093681633055953
1893,0.0016829903123552453
1894,0.0016740734064984199
1895,0.001677938101387786
1896,0.0016802161726036293
1897,0.0016699360452554813
1898,0.0016825561423333218
1899,0.0016713427265889172
1900,0.001653254858906703
1901,0.0016698920247825
1902,0.001682917134191032
1903,0.001669692275152803
1904,0.0016516489405449478
1905,0.0016516591067241033
1906,0.001654759962275043
1907,0.0016605896454089998
1908,0.0016593088697915525
1909,0.0016606964016683903
1910,0.0016461206748265456
1911,0.001658752640962754
1912,0.0016790179849360174
1913,0.0016791595858025505
1914,0.0016907699528198555
1915,0.001691517724415716
1916,0.0016957817046366337
1917,0.0016818724995168888
1918,0.001666429624542247
1919,0.0016362376925371346
1920,0.0016511979732101172
1921,0.0016455635196535728
1922,0.0016641034935769385
1923,0.0016491370721419762
1924,0.0016499390276517977
1925,0.001648792686602732
1926,0.001646970487220943
1927,0.0016299264450071083
1928,0.0015960718461544652
1929,0.0015975178246987367
1930,0.0016070575019394
1931,0.0016064654932623937
1932,0.0016063454242747533
1933,0.001617249553670414
1934,0.0016307090510579152
1935,0.0016648380300110111
1936,0.0016471385292178866
1937,0.001647096801393388
1938,0.0016403719478483361
1939,0.00164819766334914
1940,0.0016292257752810006
1941,0.0016131126353402581
1942,0.0015785304211294615
1943,0.001585701197982339
1944,0.0015943112175905035
1945,0.0015894569758675352
1946,0.0015869461396664745
1947,0.0015880299183590406
1948,0.0015910915080040086
1949,0.0015628834726192295
1950,0.001572745544693606
1951,0.0015935327103812334
1952,0.0015775706662524117
1953,0.0015655197638219918
1954,0.0015365989584807387
1955,0.0015444349311089008
1956,0.001539821055642533
1957,0.0015644300957546105
1958,0.0015506531064786546
1959,0.0015392255576676013
1960,0.001525604068290818
1961,0.001535583908096419
1962,0.001540295000363921
1963,0.0015138812508273289
1964,0.0015179839535590463
1965,0.0015418410067707296
1966,0.0015291534623004055
1967,0.0015398111674628989
1968,0.0015494618098168514
1969,0.0015396160824413289
1970,0.0015536600573547144
1971,0.0015593597294040556
1972,0.0015731114523516124
1973,0.0015709774924451351
1974,0.00154295132277902
1975,0.0015452153445929275
1976,0.0015494476770109961
1977,0.001549628531075726
1978,0.0015477376300929953
1979,0.0015369951444618103
1980,0.0015299125674775767
1981,0.0015247912367814145
1982,0.0015358325282914269
1983,0.001545281967865074
1984,0.0015374871147232267
1985,0.00155060530335213
1986,0.0015593735254439355
1987,0.0015337179503383445
1988,0.0015379816287926108
1989,0.0015251348456930911
1990,0.001530303994463034
1991,0.0015381459017320583
1992,0.0015224451417191905
1993,0.0015262058195952225
1994,0.0015172292644394854
1995,0.0015180546540964756
1996,0.0015067783189307727
1997,0.0015149092890409637
1998,0.0015058263835146307
1999,0.0015004312080168984
2000,0.001489719566735556
2001,0.0014857816036112515
2002,0.0014807966694762773
2003,0.0014970954808826644
2004,0.0014913296961593504
2005,0.001500541836148859
2006,0.001508070441530553
2007,0.001511807930017817
2008,0.0015195290345353329
2009,0.0015273168589814688
2010,0.0015261361132890806
2011,0.0015035157575764443
2012,0.0015018758778351411
2013,0.0014738242669861928
2014,0.0014836333792721187
2015,0.0014813304629167912
2016,0.001469983516127148
2017,0.0015053583706419703
2018,0.0015260647632726388
2019,0.0015452215120739235
2020,0.0015514087802796458
2021,0.0015281979198602622
2022,0.0015674247965920321
2023,0.0015594392209297549
2024,0.0015449510704165462
2025,0.001542067766014811
2026,0.0015514511341178827
2027,0.001527722328078289
2028,0.0015366983088496793
2029,0.0015265474014844642
2030,0.0015195279021805739
2031,0.0015155423131958013
2032,0.0015417328943224066
2033,0.0015273083083365932
2034,0.0015041159404009738
2035,0.0015341777129039805
2036,0.0015361986143084421
2037,0.001531099670701624
2038,0.0015318492782775256
2039,0.0015314138293062757
2040,0.0015257098556576494
2041,0.001500587637371101
2042,0.001481310122375463
2043,0.001479821003495293
2044,0.0014966002785721931
2045,0.0014837227434387219
2046,0.001465769348413091
2047,0.001474094410368769
2048,0.0014648371315108184
2049,0.0014574949795975584
2050,0.0014449505496442253
2051,0.00145608362604558
2052,0.0014469713761634552
2053,0.001461429621515514
2054,0.0014444489405291486
2055,0.00145326571364245
2056,0.0014684007191787004
2057,0.0014931580874491788
2058,0.001506769385343197
2059,0.0015289334090527306
2060,0.0015521503775763263
2061,0.0015492694638193976
2062,0.0015446477325471335
2063,0.0015280827152617208
2064,0.0015130767227492508
2065,0.0015081841123601896
2066,0.0015158803748076283
2067,0.00150901508007831
2068,0.0014922069069133706
2069,0.0015118614713963683
2070,0.0015056982073393616
2071,0.0015002247778324869
2072,0.0014668764859577961
2073,0.0014680396463336973
2074,0.001497517925667026
2075,0.0015025731081616666
2076,0.0015073170898558014
2077,0.0015060535461880783
2078,0.0015081887705061534
2079,0.0015029082057903271
2080,0.0015026164627394488
2081,0.0014984354630857854
2082,0.0015152035754704121
2083,0.0015086282289690973
2084,0.001494630504423432
2085,0.0014774551359162263
2086,0.001479888745233701
2087,0.0014849068826569935
2088,0.0014612187239944816
2089,0.001448521346832947
2090,0.0014583407584367676
2091,0.0014865667165226547
2092,0.0014642906790228386
2093,0.0014838858051647386
2094,0.0014847440031311777
2095,0.0014758317870050823
2096,0.0014542923995254139
2097,0.001469283288194629
2098,0.0014659405886131318
2099,0.0014660804756160134
2100,0.0014703596945799834
2101,0.0014868047913456904
2102,0.001499311135888607
2103,0.0015035489383121163
2104,0.0014991295791444512
2105,0.0014917854943629742
2106,0.001510886439474065
2107,0.0014618100755638152
2108,0.0014753201076853522
2109,0.0014811819250924569
2110,0.0014717125610220132
2111,0.0014668095126148576
2112,0.0014649542331387898
2113,0.0014772703522349107
2114,0.0014840676342731407
2115,0.0015063206196545755
2116,0.0014994869151602607
2117,0.0014896994189186232
2118,0.0014653683044573312
2119,0.0014658410368812587
2120,0.0014550270846990974
2121,0.001460300020198362
2122,0.0014693655801314698
2123,0.001466826719134133
2124,0.0014706473541338586
2125,0.0014706251626907636
2126,0.0014564640249800388
2127,0.0014529882560107856
2128,0.0014475421629525213
2129,0.001467724867825896
2130,0.0014939824381364443
2131,0.0014925025142743767
2132,0.0015127872450207403
2133,0.001508927222171022
2134,0.0015076682929062698
2135,0.0014991769153433012
2136,0.0014979055590432946
2137,0.0015042370380301446
2138,0.001509139749229594
2139,0.001513937039458309
2140,0.0015318470920714553
2141,0.001542592298787292
2142,0.0015356015729466742
2143,0.0015415022707298011
2144,0.0015511191829790476
2145,0.0015409668376795652
2146,0.0015322449059333517
2147,0.0015593768895839368
2148,0.0015532231876564653
2149,0.001538189997322007
2150,0.001544459212558591
2151,0.0015300645537683999
2152,0.0015247703966512005
2153,0.0015199705186754002
2154,0.0015218181185128602
2155,0.0015264974095708461
2156,0.0015220086785935041
2157,0.0015190779346449784
2158,0.0015123394937405854
2159,0.0015127131971268584
2160,0.001515112072558941
2161,0.0015254108427448932
2162,0.001522736985527726
2163,0.0015121544036286302
2164,0.0014956281922904556
2165,0.001492204652476997
2166,0.00149693975636419
2167,0.001522388757792648
2168,0.0015174897276662663
2169,0.001486221215827479
2170,0.0014964881530113358
2171,0.001497599875416406
2172,0.0014853321708455636
2173,0.0014937296200562516
2174,0.001517513898235362
2175,0.0015296105336446496
2176,0.0015339901332400638
2177,0.001539217895906316
2178,0.0015401218417772395
2179,0.0015199355024995507
2180,0.0015082749072497115
2181,0.001530604707398873
2182,0.0015379869230551968
2183,0.0015233870714872106
2184,0.0015097656146550833
2185,0.0014934661977745254
2186,0.00149020668841534
2187,0.0014693489924068298
2188,0.0014711719178060584
2189,0.0014799923778291686
2190,0.001478269447580685
2191,0.0014939537994867148
2192,0.0015060476106790197
2193,0.0015001595658765397
2194,0.0014783911727269258
2195,0.0014598315303420621
2196,0.0014566995338939376
2197,0.0014878168838859842
2198,0.001496592978088911
2199,0.0015248273752872267
2200,0.001511127264787857
2201,0.0015210365190288467
2202,0.0015354895679128584
2203,0.0015188937872424573
2204,0.0015153138899046418
2205,0.0015230844878916347
2206,0.001496386506472813
2207,0.0014869701032073717
2208,0.0014833220328709807
2209,0.0014945342692375084
2210,0.001476151697098774
2211,0.0014582559669546595
2212,0.0014497976135951643
2213,0.0014497720437646497
2214,0.0014731249377331914
2215,0.001484343800771322
2216,0.0014577364830315636
2217,0.0014579053741943667
2218,0.001473444340110369
2219,0.0014752110936794424
2220,0.0014686697127600265
2221,0.0014645762027096821
2222,0.0014697409746668565
2223,0.0014724229294020054
2224,0.001472691249218854
2225,0.0014847870024904562
2226,0.001473230593216364
2227,0.001497002152896651
2228,0.0014825966964765532
2229,0.001491935748184191
2230,0.0014521553322711846
2231,0.0014676314881377707
2232,0.0014489764664776588
2233,0.0014389830692663058
2234,0.0014279053418554104
2235,0.001414121823770157
2236,0.001423164587495231
2237,0.0013984490543830844
2238,0.0013983854131961488
2239,0.00139676463540304
2240,0.0014027102235757488
2241,0.0014148240411357299
2242,0.0014035431713227166
2243,0.0014237776588929638
2244,0.0013982666369622147
2245,0.0013835989699157946
2246,0.001394912223931522
2247,0.0014216683087737618
2248,0.0014259655967964336
2249,0.0014338109154874955
2250,0.001450752168179473
2251,0.001460912747747193
2252,0.0014501223822451462
2253,0.0014398884970220484
2254,0.0014600980924200182
2255,0.0014803123668459112
2256,0.0014848056869706898
2257,0.0014990987014628224
2258,0.0015211986826472689
2259,0.0015247562838311016
2260,0.0015471997502033241
2261,0.001570307600527704
2262,0.0015959311523455224
2263,0.0015920124563012234
2264,0.0015849300171312634
2265,0.001584546017827019
2266,0.001584815925887369
2267,0.0015838126344441164
2268,0.0015683697626436691
2269,0.0015734243819304188
2270,0.0015726347302052156
2271,0.0015866223535043879
2272,0.0015898901875339977
2273,0.001577427544780716
2274,0.0015744870033517024
2275,0.0015576815951083515
2276,0.0015724834382780776
2277,0.0015733433676653821
2278,0.0015781598046259652
2279,0.0015989713918609636
2280,0.0016131504956079696
2281,0.0016100534002475603
2282,0.0016041298549831873
2283,0.0016101571305779916
2284,0.0016099221044928165
2285,0.001632724923024683
2286,0.001618544535494496
2287,0.0016035295043518919
2288,0.0016214997823159043
2289,0.0016321196897339592
2290,0.0016479933864769238
2291,0.0016467209028466364
2292,0.0016317640288614481
2293,0.0016400806915933316
2294,0.0016685581910268837
2295,0.0016679185552791597
2296,0.001641508331670737
2297,0.0016458298092021037
2298,0.0016427925096714052
2299,0.0016580377479441597
2300,0.001656753942824004
2301,0.0016497504243907606
2302,0.0016710773165264329
2303,0.0016632198459219777
2304,0.0016576539576578955
2305,0.0016822714238403584
2306,0.0016898179779078436
2307,0.0016910414224689016
2308,0.0016880184281339212
2309,0.0017003890284959986
2310,0.0017039654997201316
2311,0.0017177869151262248
2312,0.0017124102012197999
2313,0.0017208347378726437
2314,0.0017257592213084621
2315,0.0017102270539888782
2316,0.0017069459743484674
2317,0.0017074780255510469
2318,0.0016996316053394817
2319,0.0016935707679026483
2320,0.001679647690940983
2321,0.001674507473005192
2322,0.0016737007912535676
2323,0.0016621591616332986
2324,0.001658535580016705
2325,0.0016700475797937985
2326,0.0016585017579693571
2327,0.001658541707442157
2328,0.0016683055947499174
2329,0.0017030408436550033
2330,0.0016828210224641364
2331,0.0016794388286542825
2332,0.0016805830978838692
2333,0.0016696283502542764
2334,0.0016795883709033108
2335,0.0016778669400032034
2336,0.0016735054046350738
2337,0.0016694197600704654
2338,0.0016747381212564103
2339,0.0016999703338976939
2340,0.0016995023710274864
2341,0.0017066527421696037
2342,0.0017138988782310495
2343,0.0017317373006088227
2344,0.001736163965233672
2345,0.0017583246057578633
2346,0.0017794791591239807
2347,0.0017502180059741433
2348,0.0017497429969297756
2349,0.0017282977863724042
2350,0.001738969749145875
2351,0.0017490014730377605
2352,0.0017594239994664321
2353,0.001754326121082897
2354,0.001749507665693037
2355,0.0017357563455433981
2356,0.0017195651558311394
2357,0.0017223057398161466
2358,0.001717928093847606
2359,0.0017376967450849234
2360,0.001747193439865006
2361,0.0017282390003472274
2362,0.0017106716114957093
2363,0.0017048622118780873
2364,0.0017208295006393708
2365,0.0017038131996947553
2366,0.0017292073601625647
2367,0.0017122796174555079
2368,0.0017144712987698413
2369,0.0017101620001693737
2370,0.0017121644599860483
2371,0.0016901326279836035
2372,0.0017086468381104412
2373,0.0017082885307127013
2374,0.0016994245278877536
2375,0.0016958506310182637
2376,0.0016852620989323917
2377,0.0016815084920150669
2378,0.0016836580924870976
2379,0.0016754239996750308
2380,0.0016559530425949893
2381,0.0016658976196273923
2382,0.0016733746375762575
2383,0.0016775159038349495
2384,0.0016841316951046556
2385,0.0016598990950715705
2386,0.0016520951408294543
2387,0.0016628744302300245
2388,0.0016576024251010915
2389,0.0016471539078219545
2390,0.0016597063943119181
2391,0.0016828584829503778
2392,0.0016794943347629258
2393,0.0016797861209328162
2394,0.0016582290005475093
2395,0.0016739229153745158
2396,0.0016546459395474443
2397,0.0016553164292822573
2398,0.0016388343632653425
2399,0.0016486759258318162
2400,0.0016370659383012393
2401,0.0016636759289776226
2402,0.001670606288581567
2403,0.001672580556139991
2404,0.0016697355667657956
2405,0.0016479297769756503
2406,0.0016514638882042753
2407,0.001663247369930879
2408,0.001660621816070677
2409,0.00165342726081829
2410,0.0016604158466313214
2411,0.0016826245332021133
2412,0.0016823842545689374
2413,0.0016779103124420186
2414,0.0016764436543474956
2415,0.0016613141422439745
2416,0.0016702421762099964
2417,0.0016667800683703021
2418,0.0016733903483182263
2419,0.0016902461857608245
2420,0.001678315502391056
2421,0.0016741036491130315
2422,0.001672848075429847
2423,0.0016785434504425426
2424,0.00167074625312984
2425,0.001671331646650853
2426,0.0016554084762391813
2427,0.0016321813402495468
2428,0.0016466518936131152
2429,0.0016580316946748653
2430,0.0016424459234940284
2431,0.001646639229915027
2432,0.001641299307809898
2433,0.0016529984530357059
2434,0.0016623733359078107
2435,0.001671300130901773
2436,0.0016509482609332402
2437,0.0016611906438161802
2438,0.0016501421586625777
2439,0.0016382343071204343
2440,0.001666537195118049
2441,0.001687531475420171
2442,0.0016649737357709062
2443,0.001659301575495774
2444,0.001668832187988961
2445,0.0016855378314597012
2446,0.001658656205617724
2447,0.0016489276122154447
2448,0.0016663952161262991
2449,0.001670479454621889
2450,0.0016785225238178185
2451,0.0016804899078094453
2452,0.0016906939911603288
2453,0.0016874888571272138
2454,0.0016968004567213678
2455,0.001704908939290904
2456,0.0017126091848014586
2457,0.0017409491850711376
2458,0.0017518559363697579
2459,0.0017107946754349643
2460,0.0016926944998058666
2461,0.0017156332413262097
2462,0.0017072891392910772
2463,0.0016759358949491863
2464,0.0016973733163055432
2465,0.0016771670418934115
2466,0.00169044830927483
2467,0.001670452742805984
2468,0.0016621635893828775
2469,0.0016644929104477062
2470,0.0016616059006608302
2471,0.0016571012162301581
2472,0.0016522059395200107
2473,0.0016414152652519105
2474,0.0016356581021673387
2475,0.001639572070296517
2476,0.0016221202655322246
2477,0.0016288207755670008
2478,0.0016328418733132619
2479,0.001652525789755713
2480,0.0016422747812497814
2481,0.0016178958407697102
2482,0.0016194843445157825
2483,0.001607714497503105
2484,0.0016057031380231478
2485,0.0015898054141552092
2486,0.001599944023372462
2487,0.00159927009441943
2488,0.0016031925850307402
2489,0.0016054963837817526
2490,0.0015995346637935378
2491,0.0016041178758072424
2492,0.001630521783575972
2493,0.0016514878474178287
2494,0.0016487113298679751
2495,0.0016444861031547585
2496,0.0016650182776240905
2497,0.0016619676513470716
2498,0.0016748809242901873
2499,0.0016548615277193687
2500,0.0016515117497881275
2501,0.0016645771152042136
2502,0.0016670736965161497
2503,0.0016627993198927652
2504,0.0016845442993740536
2505,0.0016824625593946003
2506,0.0016854429112859212
2507,0.0017093161257977438
2508,0.0017013097550004515
2509,0.0017115114279952297
2510,0.001710125644160649
2511,0.0017203075127859718
2512,0.0017368618540576316
2513,0.001737440303533632
2514,0.0017436142942441279
2515,0.0017294239501100283
2516,0.001720073749401752
2517,0.0017381208645294664
2518,0.0017447753113703913
2519,0.001771889572317414
2520,0.0017604244967571972
2521,0.001740937274617568
2522,0.0017481914774489984
2523,0.0017748901511713989
2524,0.0017472622944220196
2525,0.0017350659326673258
2526,0.0017173677758387314
2527,0.001720909144573831
2528,0.0017260685315178173
2529,0.0017102443183904376
2530,0.0017357345534312417
2531,0.0017388819941964826
2532,0.0017478186677852398
2533,0.00173305926523397
2534,0.0017210286250045014
2535,0.0017204773661647359
2536,0.00176123709922311
2537,0.001770325355034801
2538,0.0017340421024968915
2539,0.0017301342003188068
2540,0.0017384943324107592
2541,0.0017158246151789361
2542,0.0017184241535183492
2543,0.0017132347375819416
2544,0.001721653158187985
2545,0.0017211157611501215
2546,0.001704866494659008
2547,0.00169157319393404
2548,0.001692770388684682
2549,0.0016971196484171212
2550,0.0016883773409620945
2551,0.0016893311424696657
2552,0.0016908357377989959
2553,0.001679456270397027
2554,0.001659920187834288
2555,0.0016418299192069313
2556,0.0016434576993228415
2557,0.0016522050764132385
2558,0.0016400733635364682
2559,0.0016472529018918137
2560,0.001653425963349804
2561,0.0016550435963799688
2562,0.0016438195445761992
2563,0.001638076466590832
2564,0.0016214705579296767
2565,0.0016362144980813058
2566,0.001624438879279715
2567,0.0016248173624341434
2568,0.0016553073205045458
2569,0.0016304055810883941
2570,0.0016401262690554784
2571,0.001638018261943639
2572,0.0016339109708557197
2573,0.0016263388903281395
2574,0.0016502850465048608
2575,0.0016647093054918145
2576,0.001653038428480624
2577,0.0016447048122354459
2578,0.001652724677736979
2579,0.001651353840035273
2580,0.0016486367915391285
2581,0.0016472078295994654
2582,0.001668750548722384
2583,0.0016808179938741067
2584,0.001664398971244968
2585,0.0016668146438681309
2586,0.0016419556363752269
2587,0.0016212150435426474
2588,0.0015985049459183187
2589,0.0016043110225276724
2590,0.0016300310784744861
2591,0.00162884780684816
2592,0.0016219654710253237
2593,0.001636662491949432
2594,0.0016396665237378952
2595,0.0016530085092653687
2596,0.001678400525250567
2597,0.001679114798018549
2598,0.0016740896446957236
2599,0.001679803632791265
2600,0.001668234480766211
2601,0.001658096247040819
2602,0.0016619952364325592
2603,0.001657732759543537
2604,0.0016578780111995636
2605,0.0016654065188621107
2606,0.0016585578552441456
2607,0.0016472341661349405
2608,0.00165222264321638
2609,0.001664209040055667
2610,0.0016563378119812534
2611,0.001673457234529091
2612,0.0016763952054599136
2613,0.0016507181126180204
2614,0.0016309925172793606
2615,0.001637751947106094
2616,0.0016296163257380001
2617,0.0016211431608551211
2618,0.0016197206287551108
2619,0.0016185437283731275
2620,0.001631755393298268
2621,0.001606874466119824
2622,0.0015905618402108058
2623,0.0016109559922851597
2624,0.0015885303435591545
2625,0.0016041300101966617
2626,0.001631183920294186
2627,0.0016220698327990112
2628,0.001622733620842369
2629,0.0016152970572895424
2630,0.0016146122322964612
2631,0.0015958888330831593
2632,0.0015942324036079137
2633,0.0015982194967335537
2634,0.0015822297095885827
2635,0.0016159824318406877
2636,0.001637616232128197
2637,0.0016246812800652672
2638,0.001609701035787724
2639,0.0016319669120800346
2640,0.001632478830810706
2641,0.0016306140163998173
2642,0.0016287558072488873
2643,0.0016355165568417741
2644,0.0016524320372159544
2645,0.0016555646321273234
2646,0.0016429034149758597
2647,0.001638005364991339
2648,0.0016242731788376195
2649,0.0016431873502456725
2650,0.0016470868177487128
2651,0.0016384437606012828
2652,0.0016386548722318425
2653,0.0016491106918256992
2654,0.0016810792567349777
2655,0.001683382740789468
2656,0.0016692372193100387
2657,0.0016837367175477323
2658,0.001688514580780187
2659,0.001689004130505941
2660,0.001680683263440347
2661,0.0016948445664370874
2662,0.0017093747271172265
2663,0.0017097892954575874
2664,0.0017038003743851116
2665,0.001710373490060185
2666,0.0017265474026196249
2667,0.0017381868260685621
2668,0.00174081182567753
2669,0.0017253912610443796
2670,0.0017230127115061764
2671,0.0017158648138657154
2672,0.0017103580604115396
2673,0.0017188023875229132
2674,0.0016902573254511653
2675,0.001695207420056345
2676,0.0016699719559335677
2677,0.0016781184689575023
2678,0.0016853643197834913
2679,0.0016948848426343599
2680,0.0016988159545788203
2681,0.0017023825717787488
2682,0.0016957775178473313
2683,0.0016843061573575263
2684,0.0016758946560938293
2685,0.0017035438189165568
2686,0.0017014945636011209
2687,0.00169281824871103
2688,0.0016934999088006552
2689,0.001672965268492095
2690,0.0016903692805437423
2691,0.0016827853319552094
2692,0.001678344414952651
2693,0.0017057467223952454
2694,0.0016963567028498376
2695,0.0016983416915040198
2696,0.001693957112997985
2697,0.0016790969813129113
2698,0.0016947072119412366
2699,0.0016982762001938
2700,0.0016944713970240347
2701,0.0016869707497809896
2702,0.0016688836266850371
2703,0.001678334253633417
2704,0.0016654720984411973
2705,0.0016681210507752259
2706,0.0016465018732242371
2707,0.0016172016673846334
2708,0.0016161758366470959
2709,0.0015979044787364795
2710,0.0015818153467894469
2711,0.0015826702417801116
2712,0.001580479904499828
2713,0.0015702694713348696
2714,0.0016117261535584658
2715,0.0016375017286776546
2716,0.0016423154790165015
2717,0.0016313172844773232
2718,0.0016438910995255664
2719,0.0016052471781784774
2720,0.0016311732316722418
2721,0.00161686761521904
2722,0.0016041836236798915
2723,0.0016394773125788422
2724,0.0016110967837986976
2725,0.0016231280914936013
2726,0.0016648191413695171
2727,0.0017039039719958225
2728,0.0017228476318617188
2729,0.0016950193099313248
2730,0.001705704300136673
2731,0.001668371105717836
2732,0.0016672449442776463
2733,0.00166385889432487
2734,0.0016541159197630874
2735,0.0016692160660577242
2736,0.0016548525424799816
2737,0.0016488285716011776
2738,0.0016380911853561438
2739,0.001630071307794033
2740,0.0016229883777012163
2741,0.001645601819001018
2742,0.0016498488446642
2743,0.0016371121817822978
2744,0.001644250331200693
2745,0.0016371254830981727
2746,0.0016435024643039896
2747,0.0016514652489174337
2748,0.0016692225200334297
2749,0.0016776773766324002
2750,0.0016935190206621657
2751,0.0016816298549406233
2752,0.0016946056647621061
2753,0.001690059093733343
2754,0.001700670963602486
2755,0.0016897228693649364
2756,0.0016723423109470913
2757,0.00165371750719167
2758,0.0016493623806678685
2759,0.0016459008886402656
2760,0.001651918704942208
2761,0.001631306480256288
2762,0.001619667611347719
2763,0.0016301852304052653
2764,0.001618884151106967
2765,0.0016391856814147743
2766,0.001650325960634029
2767,0.0016409049542447055
2768,0.0016409498934395511
2769,0.0016469407742304189
2770,0.0016464658089122494
2771,0.0016333803080360685
2772,0.0016363276347820463
2773,0.0016163232053468426
2774,0.0016175120202676983
2775,0.0016156892803508005
2776,0.0016308702697455254
2777,0.0016320767745099118
2778,0.001638550608465024
2779,0.0016650409117241669
2780,0.001644302470805606
2781,0.0016531178882951748
2782,0.0016271940548672052
2783,0.001612932251061973
2784,0.0016139310095408493
2785,0.0016171471248339364
2786,0.0016455522182096
2787,0.0016445154071653544
2788,0.0016584158013040016
2789,0.0016675015253059967
2790,0.001649059757590764
2791,0.0016478477265279422
2792,0.0016354009224962564
2793,0.0016383392009489434
2794,0.0016391321353142242
2795,0.0016712421022399275
2796,0.001662987630190976
2797,0.0016536490339534363
2798,0.0016414746169113072
2799,0.001631797592440993
2800,0.0016121640970321554
2801,0.001601389948682335
2802,0.0016282031896646544
2803,0.0016435462424323126
2804,0.0016366948162451274
2805,0.0016342477407534808
2806,0.001596701823930316
2807,0.0016058478216866643
2808,0.0016130310399266091
2809,0.001615666804037414
2810,0.0016180480254324617
2811,0.0016171194930410862
2812,0.0016313772266846522
2813,0.00163071981793989
2814,0.0016329139395048723
2815,0.0016465009818426614
2816,0.0016563022153867756
2817,0.0016343658396923183
2818,0.001614824045534246
2819,0.0016286859039357873
2820,0.0016224945192250464
2821,0.0016048748317229913
2822,0.001596535157661778
2823,0.001592496055063512
2824,0.0015945115516953403
2825,0.0016246324927657253
2826,0.0015852707829185416
2827,0.0015855916849285764
2828,0.0015825814548131381
2829,0.0015692522193001257
2830,0.001580526140171035
2831,0.0015922910479413029
2832,0.0015809683261580204
2833,0.0015718116858586505
2834,0.0015714909626090173
2835,0.0015635052039598232
2836,0.0015685191398064281
2837,0.001550635798327297
2838,0.0015420057054399638
2839,0.0015517777784947913
2840,0.0015598710878808992
2841,0.0015623883537468155
2842,0.0015497323396207214
2843,0.0015486029562403116
2844,0.001546628453303747
2845,0.0015464427800455165
2846,0.0015269959341153154
2847,0.0015069506087977526
2848,0.0015126153257212299
2849,0.0014934233308733446
2850,0.0014931769499544837
2851,0.0015054497321688124
2852,0.001494898204656724
2853,0.0015211445923286903
2854,0.0015142984495235506
2855,0.0015031073675451406
2856,0.0014938092932520574
2857,0.0014870053707248965
2858,0.0014765140511804591
2859,0.001492757813192426
2860,0.0014747690832726942
2861,0.0014744916758684065
2862,0.0015041698967404738
2863,0.0014831623379351151
2864,0.001482702231604912
2865,0.0014961816342380762
2866,0.001497900730258979
2867,0.0014905821936784392
2868,0.0015092758397085198
2869,0.001519435735655783
2870,0.001513813694659358
2871,0.0014868466944773923
2872,0.0014882810091453422
2873,0.0014592861012102448
2874,0.001475793190876697
2875,0.001474806956607348
2876,0.0014691470411095525
2877,0.0014805367249845687
2878,0.0014809023932243546
2879,0.0014911821531267222
2880,0.0015048846174269624
2881,0.0015123839461950318
2882,0.0015082020013889657
2883,0.0015101839492963863
2884,0.0014846759465664717
2885,0.0014731705459764786
2886,0.0014562693104823452
2887,0.0014741935340728176
2888,0.001492626249858326
2889,0.001480118394329653
2890,0.0014684676365866625
2891,0.0014704755731809517
2892,0.00150093000230252
2893,0.001489861875321145
2894,0.0014891926831645734
2895,0.001454148111929555
2896,0.0014499372141700603
2897,0.0014293529840662474
2898,0.0014202933494643307
2899,0.0014343756169378392
2900,0.001433894959546956
2901,0.0014214885278785935
2902,0.0014230055154088922
2903,0.0014028375245513508
2904,0.00141149474734961
2905,0.0014068052636713876
2906,0.0014017523160024937
2907,0.0014254333745572108
2908,0.0014473840266650295
2909,0.001451850324608093
2910,0.001482039472185356
2911,0.0014857356847863246
2912,0.0014830474262475957
2913,0.0014655523921864512
2914,0.0014540355319350412
2915,0.0014675698493941223
2916,0.0014751815745187556
2917,0.001473000034316497
2918,0.0014814016451851083
2919,0.0014657537213375598
2920,0.0014710154060185708
2921,0.0014904943112754774
2922,0.001480751725753683
2923,0.0014747833883996249
2924,0.0014679656225680478
2925,0.001484116101627075
2926,0.0014418005657480374
2927,0.0014527874386600682
2928,0.0014495048739918887
2929,0.0014426481287060366
2930,0.001413651116835489
2931,0.0014140379913912386
2932,0.0014044004795500395
2933,0.0014066789793349612
2934,0.001423846789078588
2935,0.0013960184924916822
2936,0.0013852131354448118
2937,0.001389607583768966
2938,0.001394676593626254
2939,0.0013983635527392109
2940,0.0013932563469905234
2941,0.001401346699913137
2942,0.0014217586884335619
2943,0.0014307453496287385
2944,0.00145615316338011
2945,0.0014406779655875264
2946,0.0014447383770521617
2947,0.001462116564520789
2948,0.001456222821723676
2949,0.0014471066445581366
2950,0.0014398796318856508
2951,0.0014405093889912775
2952,0.0014550625692597388
2953,0.0014635091941009545
2954,0.0014449214938337877
2955,0.001445740678702712
2956,0.0014485552598017888
2957,0.0014578444937101698
2958,0.0014519384450746963
2959,0.0014497255993270184
2960,0.0014743188249424675
2961,0.0014896075420649806
2962,0.0014888834347995441
2963,0.001487293259728188
2964,0.0014918017814562938
2965,0.0015060263908145814
2966,0.0015094401616401918
2967,0.0014784499427308215
2968,0.0014642755978589192
2969,0.0014525861769696868
2970,0.0014544614970260948
2971,0.0014438350211066935
2972,0.0014753599150219565
2973,0.00145343844122915
2974,0.0014316451189244025
2975,0.0014080752230935486
2976,0.0014170675844951746
2977,0.001418644432072498
2978,0.0014204694482191488
2979,0.0014142973060154653
2980,0.0014024432429526428
2981,0.0014070891810413972
2982,0.0014128110345267696
2983,0.0014215666755372498
2984,0.0014415651039202271
2985,0.0014482694177407093
2986,0.0014360575662738964
2987,0.001429031602129019
2988,0.0014456126516041539
2989,0.0014450830924183427
2990,0.0014622465635657634
2991,0.0014567231061081904
2992,0.0014537752715139607
2993,0.0014567852906524881
2994,0.0014612249916155448
2995,0.0014230421662095837
2996,0.0014306504119170368
2997,0.0014175001552123529
2998,0.0014425036149092098
2999,0.001445135355903715
