,grad_norm,avg_grad_norm
0,0.011045660375384615,0.0038585078436881304
1,0.00259215018741088,0.0009573443385306746
2,0.0015258031809935347,0.0005513107578735798
3,0.0013475490035489202,0.0004889371833996847
4,0.001276526553556323,0.0005017288203816861
5,0.0013426120938675012,0.0004695729934610426
6,0.0012905256466183347,0.00048801117518451067
7,0.0012522022181656212,0.000503114948514849
8,0.0012629103737708646,0.0005152925092261285
9,0.00124497135184356,0.0004881668253801763
10,0.0012691371644905302,0.0004958536534104496
11,0.0012868604782852345,0.000511891907081008
12,0.0012327360142080578,0.00047810041287448256
13,0.0012749716857797465,0.0004994429065845907
14,0.0012986434456252027,0.00049038878059946
15,0.0012967731287062633,0.00045131721417419613
16,0.0012531454376585316,0.0004905451438389719
17,0.0012695207449723966,0.0005066166457254439
18,0.001234771059534978,0.0005279820412397385
19,0.0012424352098605596,0.00048577612615190445
20,0.0012507372746767941,0.0005057641479652375
21,0.0012380880165437703,0.0004956823482643813
22,0.0012291593258851208,0.000477096508257091
23,0.0012396351805364248,0.0004849596763961017
24,0.0012623405455087777,0.00047373315610457214
25,0.001302457858400885,0.00048170559166464954
26,0.0012730387279589195,0.0005069167818874121
27,0.001198480904713506,0.0005063090065959841
28,0.001288818033935968,0.00047210654593072833
29,0.0012707712347037158,0.0004958488745614887
30,0.00133171559573384,0.0004826825432246551
31,0.0013135922185028904,0.0004953254654537886
32,0.0012958677689312026,0.000496824539732188
33,0.001284904200292658,0.0005267607339192182
34,0.0013129236620443407,0.0004828150966204703
35,0.0013013457304623445,0.0005043882469180971
36,0.0013196488922403659,0.0004952412156853825
37,0.001254232900828356,0.0004579911066684872
38,0.001284696481161518,0.0004891485383268446
39,0.0012982051106519067,0.0004839945846470073
40,0.0012779514931025916,0.000501749647082761
41,0.0012894920953840483,0.0005378068774007261
42,0.0013292970797920134,0.00046740045363549145
43,0.0012594950894708745,0.0005331998982001096
44,0.0012983895518118515,0.0004639955062884837
45,0.001404425012151478,0.0004737380921142176
46,0.0013148284990165849,0.0005145150935277343
47,0.0012736638578644487,0.0004958605044521391
48,0.0013275773606437724,0.0004840655223233625
49,0.0012958917985088191,0.00048694228171370925
50,0.0013092948756820988,0.00048797444615047427
51,0.0013212392113928217,0.000530437525594607
52,0.0013054382085101678,0.0005057862668763846
53,0.0013648076645040419,0.0005004191363696009
54,0.0013306818240380381,0.0005212958320043981
55,0.0012995261000469326,0.0004717957170214504
56,0.0013804919231915846,0.0004988261789549142
57,0.0013461151720548514,0.000528332416433841
58,0.0013191796781029553,0.0004798589361598715
59,0.001298440351820318,0.0005040657764766365
60,0.0013692281965631992,0.000515020708553493
61,0.00132595048416988,0.000540519185597077
62,0.0013369321735808627,0.00048225933278445154
63,0.0013257552105642389,0.0005130166246090084
64,0.0013178813729609828,0.000506671640323475
65,0.0013694588516955264,0.0004733683512313291
66,0.0013629120505356696,0.0004923538130242377
67,0.0013576920304330998,0.0005287317093461752
68,0.0013649898100993596,0.0005025665683206171
69,0.0013790915079880505,0.000535779626807198
70,0.001331518437655177,0.000518621172523126
71,0.0013219035557995086,0.0005098107969388366
72,0.0013833880264428444,0.0005164186644833535
73,0.001404727252520388,0.000516082375543192
74,0.00139281406372902,0.0005241435952484608
75,0.0013442035582556856,0.0005142926296684891
76,0.0014360358043632004,0.0005101117596495897
77,0.0013734228959947359,0.0004981103411410004
78,0.0014374991675140335,0.0005255775409750641
79,0.0013635856608743778,0.0004988702421542257
80,0.0014095525824814104,0.0005395106330979615
81,0.0014080012893828097,0.0005209253111388534
82,0.0014639026740042027,0.0005198889644816518
83,0.0014411949850909878,0.0005166848888620735
84,0.0013441097689792514,0.0005298975622281433
85,0.001398965486441739,0.0005469307361636311
86,0.001446186440443853,0.0005234275537077338
87,0.0014064604554732795,0.0005255939904600382
88,0.0014283225958934055,0.0005320938886143267
89,0.0014016532826644835,0.000570327858440578
90,0.0014272307234932669,0.0005339515395462513
91,0.0013722628704272211,0.0005421966256108135
92,0.0014151628856780007,0.0005667421501129866
93,0.001491431130853016,0.0005374593194574118
94,0.0015524238682701253,0.0005340538860764355
95,0.0014534100642777047,0.0005347414989955723
96,0.001447275163809536,0.0005360765266232192
97,0.001470334851910593,0.0005754893645644188
98,0.0014925650219083763,0.0005541428225114941
99,0.0015012744057457893,0.0005502430896740407
100,0.0014991510710387957,0.0005393104103859514
101,0.001481327769579366,0.0005097287415992468
102,0.0014687206494272687,0.0005662228271830827
103,0.001514473768475,0.0006064292800147086
104,0.0015382517434773036,0.0005758644663728773
105,0.0015159241476794705,0.000549502728972584
106,0.0014861082287097815,0.0005698190361727029
107,0.0014796981289691758,0.0005856847041286528
108,0.0015179403628280852,0.0005463839217554778
109,0.0015519605149165727,0.0005616677924990654
110,0.0014929789678717498,0.0005810442322399467
111,0.001509107854508329,0.0005367306992411613
112,0.0014512131405354013,0.0005945388693362474
113,0.0015268344926880673,0.0005622120341286063
114,0.0015357441232481505,0.0005561457190196961
115,0.0014863072479784022,0.0005768253118731082
116,0.0014920388028258457,0.0005884493933990598
117,0.0014919611530785915,0.0006097235251218081
118,0.0015401280441437847,0.0005527009372599423
119,0.0015551241100183687,0.0005484795954544097
120,0.0015695935100666248,0.000569149706279859
121,0.0016120644271722996,0.000563836022047326
122,0.0015358263481175527,0.0005902008095290511
123,0.0014902020062436349,0.0005749754200223833
124,0.0015522629124461672,0.0005705468007363379
125,0.0015706862395745702,0.0005776390142273157
126,0.0015057880962558556,0.0005895934184081853
127,0.0016001396099454724,0.0005814248463138938
128,0.001529419379949104,0.0005912739434279501
129,0.0016123955145303625,0.0005696847278159112
130,0.001577308611740591,0.0005905248748604208
131,0.0016310845778207295,0.0005812130460981279
132,0.0015444639211636968,0.0005959181347861886
133,0.0015722277661552654,0.0005895822250749916
134,0.001583626845967956,0.0005797902354970575
135,0.0016760766753577626,0.0005867167958058417
136,0.0015525150956818834,0.0005777817219495774
137,0.001581129475380294,0.0005683339782990515
138,0.0015988765415386296,0.0005811766954138875
139,0.0015896879514912144,0.0006056076963432133
140,0.0016086801057099364,0.0005818795354571194
141,0.0016401473272708244,0.0005746919778175652
142,0.0015919833924272098,0.0005655933113303035
143,0.0016002136952010914,0.0005797196237836034
144,0.0016004320663341788,0.0005768299859482795
145,0.0016134360514115543,0.0005787922476883977
146,0.0016483636594784913,0.0006167092244140804
147,0.0016605788026936353,0.0005869708780664951
148,0.0015373613525298424,0.0005938977119512856
149,0.0016009307728381827,0.000600798346567899
150,0.001680240809218958,0.0005835472431499511
151,0.0016449849819764495,0.0005768866569269449
152,0.0015554327677818947,0.0005748895520810038
153,0.0016087774594780058,0.0005824888241477311
154,0.0016008380363928155,0.0005939667287748307
155,0.0016197888617170975,0.0005707498115953058
156,0.001676085280632833,0.0005755326943472028
157,0.0016147548973094671,0.000595184846315533
158,0.0016952440812019632,0.000576511601684615
159,0.0016648965261992998,0.0006118363933637738
160,0.0016778413162683136,0.0005693333514500409
161,0.0016877189933438785,0.0005906532460357994
162,0.001694013734231703,0.0005949938495177776
163,0.0017295400553848594,0.0005991313082631677
164,0.001707594636536669,0.0006103994324803353
165,0.0017134727124357596,0.0005642890173476189
166,0.0016701281594578177,0.0005941787210758775
167,0.0017041562721715308,0.0005800066690426319
168,0.0016445831803139298,0.0006157080119010061
169,0.0016515122071723454,0.0005988793272990733
170,0.0016906023563933558,0.000613015191629529
171,0.0016401728440541773,0.0005993051396217197
172,0.001679397477710154,0.000596949236933142
173,0.0015835270416573622,0.0005959288566373289
174,0.0016582665004534647,0.0006032128003425896
175,0.001643601554678753,0.0005807974492199719
176,0.00168540780141484,0.0005911056767217814
177,0.0016226820400333964,0.0006156156479846687
178,0.0016868416932993568,0.000601034564897418
179,0.001684810894948896,0.0005803109845146537
180,0.0017157516311272047,0.0005991676589474082
181,0.0016076312895165756,0.00060493279597722
182,0.0017211690181284211,0.0005973859631922096
183,0.0016511306079337374,0.00058585160295479
184,0.001699390701833181,0.0006044291774742305
185,0.0016790032357675954,0.0006023837544489652
186,0.0016787063141237013,0.000584280223120004
187,0.0017279940613661893,0.0005886238475795835
188,0.001712906896136701,0.0005916540510952472
189,0.0016532427835045382,0.0005986329808365554
190,0.0017248646458028817,0.0005977305874694139
191,0.0016760335463914088,0.000602011289447546
192,0.0016795476505649277,0.0005973451130557806
193,0.0017246858682483436,0.0006145448714960366
194,0.0017383691301802173,0.0005916435911785811
195,0.0017239414490177296,0.0006078056525439024
196,0.0017191654260386713,0.0006156247109174728
197,0.0017401717268512584,0.000606539158616215
198,0.0017022449930664152,0.0006018115789629519
199,0.0017203144845552743,0.0006063568056561053
200,0.0017114357033278793,0.0005865329003427178
201,0.001741312500962522,0.0006060183048248291
202,0.0017047377201379276,0.0006002075155265629
203,0.0016925740012084134,0.0005881560849957168
204,0.0016906919787288643,0.0005996708991006017
205,0.0016950153745710849,0.0005933488602750004
206,0.0017141705902758986,0.0006073731987271458
207,0.001765181650989689,0.000605842430377379
208,0.0017308476730249823,0.0006071055249776691
209,0.0017721871176036076,0.0005973752413410693
210,0.001725911990797613,0.0005891539680305868
211,0.001705385283275973,0.0006090571929235012
212,0.001660107175121084,0.0005874406138900668
213,0.0018054872169159352,0.0005960442475043237
214,0.001719603176752571,0.0006129793240688741
215,0.0017663036414887756,0.0006044785492122174
216,0.0017738906550221144,0.0005851689726114273
217,0.0017452417887398042,0.0006086554494686425
218,0.0017173790314700455,0.0005880123702809214
219,0.0017714773959596642,0.0006174882699269801
220,0.0017734280845616013,0.0005806549219414592
221,0.0017166336125228553,0.0005779737140983344
222,0.0017467921075876801,0.0005988884891849011
223,0.001732423978683073,0.0005994482489768416
224,0.0017277939434279688,0.0005963395116850734
225,0.0018665407682419755,0.0005892949644476176
226,0.0017570544863701799,0.000589119887445122
227,0.0016618121997453272,0.000581312837311998
228,0.0017321385763352736,0.0005861759011168033
229,0.001789316689246334,0.0005967284261714668
230,0.001792168831161689,0.0005923930671997369
231,0.0018052745712338948,0.0005928825936280191
232,0.001745916937943548,0.0005753209174145013
233,0.0017592692878679373,0.0005689562589395791
234,0.0017062547442037613,0.000586185627616942
235,0.0018372788399574347,0.0005798540718387812
236,0.0017199239635374397,0.0005989097349811346
237,0.0017071286521968432,0.0005989627854432911
238,0.0017678942982456646,0.0006005029426887631
239,0.0018064487099763936,0.000590907025616616
240,0.0016976524479105138,0.0005991060112137348
241,0.0017937637414433994,0.000598395662382245
242,0.0017923604929819704,0.0005973867140710354
243,0.0017277536913752555,0.0005892717861570417
244,0.0017672856294666417,0.0005927218066062778
245,0.0018030772960628382,0.0005983303242828697
246,0.0017452474901801906,0.0005994434002786874
247,0.001855044656258542,0.0006164987222291529
248,0.0017779373258235865,0.0005823770246934145
249,0.001827138201042544,0.0005839546851348132
250,0.001758185774087906,0.0005830380541738123
251,0.001790489260747563,0.000597432506037876
252,0.0018605898236273787,0.0006047627772204578
253,0.001855967575102113,0.0005943313532043249
254,0.0017775058600818737,0.0005916081427130848
255,0.0018357868248131126,0.0005707526579499245
256,0.0017926231332239695,0.0005859179713297635
257,0.001755965405027382,0.0005987584299873561
258,0.0017846097034635022,0.0006050959695130586
259,0.0017859668805613182,0.0005996198859065771
260,0.0018521475518355145,0.0005859778844751418
261,0.0018259166885400192,0.0006091283925343305
262,0.0018474722077371553,0.0005902020318899303
263,0.0017624097963562235,0.0005883865698706359
264,0.0018697898849495687,0.0005903362936805934
265,0.0018413464567856863,0.0005765784939285368
266,0.001832819840637967,0.0006047719623893499
267,0.001854579550854396,0.0006003846414387226
268,0.0018734375378699041,0.0005924144177697599
269,0.001836569342412986,0.0005953146726824343
270,0.0018740267114480957,0.0006188778032083064
271,0.0017953976144781335,0.0005920999799855053
272,0.001856592703552451,0.0005852091475389898
273,0.00176788765238598,0.0006076135963667184
274,0.001877568020427134,0.0005998278909828513
275,0.0018513096583774313,0.0005998165404889732
276,0.001831607084022835,0.0005998649168759585
277,0.00183442337292945,0.000598800095031038
278,0.001839462952921167,0.0006073347991332412
279,0.0018130714510334657,0.0005794830271042883
280,0.0018392493002465926,0.0005764217057731003
281,0.0018328962585655972,0.0005973501945845782
282,0.0018854115274734794,0.0006063924054615199
283,0.0018489771013264545,0.0005852077971212566
284,0.0018267208433826454,0.0005984195682685822
285,0.0019103756101685576,0.0006048718525562436
286,0.001838908315403387,0.0005799747596029192
287,0.0018868113358621486,0.0005924390687141567
288,0.001849497455987148,0.0006038011109922081
289,0.001847218957846053,0.0005914816865697503
290,0.0019130791042698547,0.000583866995293647
291,0.0018745175228104926,0.0005889391177333891
292,0.0018960206303745507,0.0006076414894778282
293,0.001856001744454261,0.0005907947605010122
294,0.001927646055992227,0.0005909561645239591
295,0.0018489233145373874,0.0005916350055485964
296,0.0019598364422563465,0.0006063699547667056
297,0.0018258760552271268,0.0005826752865687012
298,0.0018978856969624758,0.0005838920187670738
299,0.001909131891443394,0.000585049926303327
300,0.0019028564318432472,0.0005895366950426251
301,0.001829165634990204,0.0005955206172075123
302,0.0018969216136611067,0.0006058322207536549
303,0.001958151154394727,0.0006121096550486982
304,0.0019097668991889805,0.0005933846870902926
305,0.001927278272341937,0.0005697570100892335
306,0.0020151743869064377,0.0005884300277102739
307,0.0019437914117588662,0.000596994097577408
308,0.001963783540122677,0.0005993447848595679
309,0.0019327852394781075,0.0005930664949119091
310,0.0019468964368570597,0.000584519887343049
311,0.0019112469177343882,0.0005936821165960282
312,0.001908617561275605,0.000578352325828746
313,0.0018977216343046166,0.0005885092017706483
314,0.0020103878297959453,0.0005942180869169533
315,0.0019105488827335648,0.0005906229780521244
316,0.0019204426411306486,0.0005858764576260001
317,0.001949450130632613,0.0006124004954472184
318,0.00194702133157989,0.0005998605280183256
319,0.0019085228486801498,0.000585278874495998
320,0.0019720903888810425,0.0006073917029425502
321,0.001991275120235514,0.0005885867518372834
322,0.0020596311645931565,0.0005804391286801547
323,0.0018923466952401214,0.0005888108105864375
324,0.0020308966806624083,0.0006080297054722906
325,0.0019357042387127877,0.0005978066066745669
326,0.0019099848839687183,0.0005926260317210108
327,0.0020082278439076616,0.0005914646608289331
328,0.0019990655870060436,0.0005849184293765574
329,0.0019817857988527975,0.0006020795321092009
330,0.001932351950381417,0.0006137410178780556
331,0.0020622426338377407,0.000593397964257747
332,0.0019348538509802893,0.0005910270323511213
333,0.0019195640343241394,0.000598598422948271
334,0.002097803466313053,0.0005942098039668053
335,0.0019243323753471487,0.000618574337568134
336,0.0019804178358754144,0.0006177673756610602
337,0.0019201070390408859,0.0005790293624158948
338,0.0020447221264475956,0.0006055335339624435
339,0.0019389688997762278,0.0006055621663108468
340,0.001969335744797718,0.0005876485665794462
341,0.0020266127568902446,0.0005968314595520497
342,0.002036615947145037,0.000601356226252392
343,0.0019898729064152577,0.0005985924799460918
344,0.0020701837915112265,0.0005962790746707469
345,0.001987441521487199,0.0005848772067110986
346,0.0020810868547414428,0.0006002988666296005
347,0.0019320735649671406,0.0005914228910114616
348,0.0019345391265233047,0.0005927085585426539
349,0.001994569055386819,0.0006115085736382753
350,0.0021307719667674973,0.0005952709820121527
351,0.0020052681546076203,0.0006045880320016295
352,0.0020607859230949545,0.0006079581216908991
353,0.0020706294089904986,0.0005948454490862787
354,0.0020715738195576706,0.0005965632677543909
355,0.0019535065861418844,0.0006070533010642976
356,0.002086236228933558,0.0006032228819094598
357,0.002038293983787298,0.0005937622918281704
358,0.0019142784716677853,0.0005903384939301759
359,0.0020119668915867805,0.0005879119096789509
360,0.0020966587821021677,0.0005928957951255142
361,0.001998510204430204,0.0006047378468792885
362,0.0020562466539558954,0.0006088927737437188
363,0.0020615714412997475,0.0006047507573384792
364,0.0019612630334449933,0.0005826801585499197
365,0.002052303237724118,0.0005957084125839174
366,0.002099680820538197,0.0006153487192932516
367,0.0021063365929876454,0.0006210637802723795
368,0.0021020245156250896,0.0005895595008041709
369,0.0020808521323488092,0.0005963712581433355
370,0.0020349869024357758,0.0005736346414778381
371,0.0021636778154061178,0.0005899883050005883
372,0.002055393885530066,0.0005897861556150019
373,0.0020560851000482215,0.0005886668397579343
374,0.001933388307224959,0.0005770381481852383
375,0.0020805427149753085,0.0005909602157771587
376,0.0020806842017918824,0.0005823131941724569
377,0.0021032633419963533,0.0005848559318110347
378,0.0020834796072449536,0.0006118744146078825
379,0.0020002800883958116,0.0005908616294618696
380,0.0021465034151333384,0.000581711350241676
381,0.0020830690671573395,0.0005794828641228378
382,0.002104536347906105,0.0005860792181920261
383,0.0021054025914054365,0.0005802701925858855
384,0.0021350657028960996,0.0005982553993817419
385,0.002103416393219959,0.0005908717110287398
386,0.0020798486133571715,0.0005595225724391639
387,0.0020321874515502715,0.0005928376980591565
388,0.0020891461623250506,0.0005712495418265462
389,0.0020421724315383472,0.000585065089398995
390,0.0021293005309416914,0.0005741086031775921
391,0.0021809730591485278,0.0005804821441415698
392,0.0021325640453142116,0.0005970430851448327
393,0.002187641107593663,0.0006137267220765353
394,0.0021422327830805444,0.000606331427115947
395,0.0022932003092137167,0.0006052712560631335
396,0.002195523744740058,0.0006017614330630749
397,0.0021997712974552996,0.0005856195755768567
398,0.002068611512368079,0.000580752087989822
399,0.0021065983761218376,0.000600006990134716
400,0.0021053240590845233,0.0005820162827149033
401,0.002182092101429589,0.0005868000560440123
402,0.002204190685006324,0.0005929874605499208
403,0.0021225961740128697,0.0005928978556767106
404,0.0021932762989308684,0.000606375967618078
405,0.002206377559923567,0.0005734743608627468
406,0.002175521003664471,0.0005780058680102229
407,0.002115522755775601,0.000579554500291124
408,0.0021383985556894915,0.0005759831459727138
409,0.0022292901412583888,0.0006035091762896627
410,0.002120828900660854,0.0005522474006284028
411,0.0021276626968756316,0.0005773786862846464
412,0.0021037768659880386,0.0005495882534887642
413,0.0022869816501042807,0.0006215659144800156
414,0.0021186147787375376,0.0005894318514037877
415,0.0021206905003055,0.0005641777534037828
416,0.002191718315589242,0.0005709584278520196
417,0.002120674404432066,0.0005656218680087477
418,0.0022131325109512544,0.000572089315392077
419,0.0022257596589042804,0.0005805610970128327
420,0.0020930987418978477,0.0005893373920116574
421,0.0021787154546473175,0.0005822236300446094
422,0.0021701627585571258,0.0005736730934586376
423,0.0022540921752806755,0.0005592301429715007
424,0.002134091885818634,0.0005510615068487823
425,0.002064175576379057,0.0005595047667156905
426,0.0021980538702337073,0.0005808976537082344
427,0.0021399263277999125,0.0005650843901094049
428,0.0021787134566693565,0.0005514656018931419
429,0.0021547067080973648,0.0005535034462809563
430,0.0022656953398836775,0.0005605431273579597
431,0.0022140950881293976,0.0005749054544139653
432,0.0022249545421800577,0.0005663572461344302
433,0.0020676598040154206,0.0005698678898625076
434,0.0021947214743704537,0.0005517856276128441
435,0.0021720167380408382,0.000551435723900795
436,0.002266418303770479,0.0005643764277920126
437,0.002158150695322547,0.0005455788865219802
438,0.002387060491309967,0.0005622676515486091
439,0.0021454510817420667,0.0005623370583634823
440,0.002132578926102724,0.0005890348635148257
441,0.0021333240511012264,0.0005675569584127516
442,0.002138439254486002,0.0005543420615140348
443,0.002156258944887668,0.0005563410755712539
444,0.0021174833600525744,0.0005639153067022562
445,0.0021369584661442786,0.0005565698840655387
446,0.002167163626290858,0.0005432188627310097
447,0.0022329368817736394,0.0005729998112656177
448,0.0021853177531738766,0.0005776774662081153
449,0.0021748230486991816,0.0005542225379031151
450,0.00223291576403426,0.000575998704880476
451,0.00236964554496808,0.0005572210473474115
452,0.002273312873148825,0.0005648171412758529
453,0.0023040012165438384,0.0005975630891043692
454,0.0022679430636344477,0.0005545743508264423
455,0.0020953736107912845,0.0005369810911361128
456,0.0022210355833522043,0.0005681396345607936
457,0.002260234260756988,0.0005424695147667081
458,0.0021528570578084327,0.0005153151985723525
459,0.002244692081876565,0.0005919389019254595
460,0.00230655578779988,0.0005602490622550249
461,0.002145617501810193,0.0005512074916623533
462,0.002318839493091218,0.0005356972804293036
463,0.002405308168090414,0.0005442576191853731
464,0.0022572178495465778,0.0005359119328204543
465,0.0022739671738236213,0.0005181598593480885
466,0.0021202729898504914,0.0005411406978964806
467,0.002281052510079462,0.0005359135160688311
468,0.0021651302464306354,0.0005349009297788143
469,0.0021765414930996485,0.0005394726584199816
470,0.0022660370654193685,0.0005153885402251035
471,0.002308444534719456,0.0005420853325631469
472,0.0020891277585178615,0.0005719318403862416
473,0.0022544327031937426,0.0005559319339226932
474,0.002423488558270037,0.0005783455329947173
475,0.002125850226730108,0.000601691595511511
476,0.0022597522955038587,0.0005359004193451255
477,0.002228233125060797,0.0005663827410899103
478,0.0022354174026986582,0.000547567568719387
479,0.002234593781759031,0.0005391396814957261
480,0.002302690001670271,0.0005836295546032489
481,0.0023009832875686698,0.0005728679301682859
482,0.0023410090318066066,0.0005398827721364796
483,0.002201079645601567,0.0005172193807084114
484,0.002172819891711697,0.0005340530071407557
485,0.0020880014562862925,0.000543384172488004
486,0.0022755398051231166,0.0005223974178079516
487,0.002226302788767498,0.0005130867706611752
488,0.002295940571639221,0.000532504852162674
489,0.0022828201195807195,0.0005187659175135195
490,0.0022065533237764614,0.0005243229505140334
491,0.002230214572045952,0.000511585536878556
492,0.0021474461696925572,0.0005250359710771591
493,0.002256619017862249,0.0005383248266298324
494,0.002285966147610452,0.0005583702819421888
495,0.002247726931818761,0.0005047758633736521
496,0.0021828789918799884,0.0005395622574724257
497,0.002438183393678628,0.0005585818726103753
498,0.002193294675089419,0.000497367256321013
499,0.002430426019418519,0.0005388859892264009
500,0.002238995538209565,0.0005213169963099063
501,0.002194920119654853,0.0005204967455938458
502,0.0022374391162884423,0.0005041274183895439
503,0.0023463768578949385,0.000524575391318649
504,0.0023861084860982372,0.000522247952176258
505,0.0022333954519126566,0.0004993834358174354
506,0.002177423035027459,0.0005144206574186682
507,0.0022523705381900074,0.0005005221115425229
508,0.0023038042956613934,0.0004783115873578936
509,0.0021606010224786585,0.0005566135165281594
510,0.0023164635378634555,0.0005084133823402226
511,0.002238156768726185,0.0005358911002986133
512,0.002284521172987297,0.0005152563157025724
513,0.002264812470821198,0.00048503851576242596
514,0.002333205770992208,0.0005210995674133301
515,0.002182671798800584,0.0005039545765612274
516,0.0022123054703115487,0.0005290949484333396
517,0.0023248040495673196,0.000549015769502148
518,0.0020768475369550288,0.000514766451669857
519,0.0023409145083860493,0.0005091807397548109
520,0.0022480327083030716,0.0004711860965471715
521,0.0022352081214194186,0.0004938063153531403
522,0.0023371298535494133,0.000510506215505302
523,0.002289733980433084,0.0005231372837442904
524,0.0023509789811214433,0.0005038153904024512
525,0.0021823687871801666,0.0004927561822114512
526,0.002393027012294624,0.0005216997058596462
527,0.0024201474312576464,0.0005579021468292922
528,0.0024129956917022357,0.0005085723649244755
529,0.0021463587472680956,0.0005041680065914989
530,0.002385476202471182,0.0004897384089417756
531,0.0022801699524279684,0.0005025594669859857
532,0.0022772114039980806,0.000497990904841572
533,0.0023011680226773024,0.0005324042227584869
534,0.002210165013093501,0.0004831342346733436
535,0.0023573686281451955,0.0004834543477045372
536,0.0022984671231824905,0.0005021265533287078
537,0.002297291673312429,0.00046274958876892926
538,0.002232836891198531,0.0004810779559193179
539,0.002286853555415291,0.00046460633748210964
540,0.002188396804558579,0.000470507240970619
541,0.0023212031504954212,0.0005456878920085728
542,0.0023749508167384193,0.00047602836275473237
543,0.002473365173500497,0.00049554169527255
544,0.0023517760055256076,0.0005258879100438207
545,0.002245243593642954,0.000489407207351178
546,0.002451646556437481,0.00047295789408963174
547,0.0023337595848715864,0.00048494737420696766
548,0.002150582559988834,0.000502047740155831
549,0.0023083655687514693,0.0005438794381916523
550,0.002102806413313374,0.0004659123544115573
551,0.002405311980692204,0.0004770983592607081
552,0.0022906738027813844,0.0005038958741351962
553,0.0023421136400429534,0.0005010043678339571
554,0.002251449135656003,0.0004807222430827096
555,0.002135348384035751,0.00046091840486042204
556,0.0021979956727591343,0.00047853428404778244
557,0.002325209447008092,0.000489516681409441
558,0.002262239508854691,0.00048170988156925887
559,0.0023459323798306285,0.0005118069704622031
560,0.0022465902657131664,0.00045953679364174604
561,0.002336041137459688,0.00043987098906654863
562,0.0022591082291910426,0.0004747577244415879
563,0.002284355896699708,0.0004810739541426301
564,0.0022596540045924486,0.0005001817422453314
565,0.0022693325052387083,0.00047217890969477596
566,0.002095046435715631,0.0004961935977917164
567,0.002343300903157797,0.00046213840250857173
568,0.002287718886509538,0.0004433980240719393
569,0.0022779894483392128,0.0004977841628715396
570,0.002296219662821386,0.0004586904775351286
571,0.002224141288024839,0.00048607939388602974
572,0.0023636159181478432,0.0005012402369175106
573,0.0021078333098557777,0.0004885243193712086
574,0.0023671912305871954,0.00047848731628619134
575,0.0023581694782478734,0.0004585932969348505
576,0.0022922559539438224,0.0004742990859085694
577,0.002289835040573962,0.0004603767505614087
578,0.0021584882328170353,0.0004963390645571053
579,0.0022619462542934343,0.0004615142330294475
580,0.0024238903206423856,0.0004825552838156
581,0.0021204026619670913,0.0004689606459578499
582,0.002231208658486139,0.0004688035958679393
583,0.002293931716121733,0.00044261296570766715
584,0.002238335437141359,0.00046483909245580434
585,0.0022237750628846696,0.00045314038870856164
586,0.002229141395946499,0.00045107743062544614
587,0.0023494887020206077,0.00042691020935308187
588,0.0022866660408908503,0.00045851355826016517
589,0.002230837618117221,0.00048821443924680353
590,0.002201309065276291,0.0004478303104406223
591,0.0025122131075477226,0.00046528601669706406
592,0.0020266372957848944,0.0004396127100335434
593,0.002501680757268332,0.00046260689850896597
594,0.0021725495025748387,0.00042619830346666274
595,0.0023148646680056116,0.00044279719004407524
596,0.002170983891119249,0.00046149739937391133
597,0.002448036057467107,0.00044340592285152525
598,0.002198746713111177,0.00043039603042416275
599,0.0022839914556243455,0.0004333287884946913
600,0.002270076451532077,0.0004571706464048475
601,0.0024368941914872265,0.00044343184563331304
602,0.0023461862117983403,0.00042409278685227034
603,0.002371323290572036,0.0004443436278961599
604,0.0022845395491458476,0.00045765845279674975
605,0.002119832413154654,0.0004333308374043554
606,0.0022552554786670954,0.0004343423352111131
607,0.002209678923827596,0.0004578832595143467
608,0.002245678915642202,0.0004372304305434227
609,0.0023358971608104183,0.0004452805733308196
610,0.002305594472272787,0.000422529864590615
611,0.0022013792127836495,0.00043294751085340975
612,0.002422356446913909,0.00048441408143844454
613,0.002342199519625865,0.00043906662031076846
614,0.0021656765951775015,0.000407577762962319
615,0.002333686169004068,0.00044059433857910333
616,0.002289939654292539,0.0004201562755042687
617,0.00213767225650372,0.00041511187446303667
618,0.0022949989099288358,0.00042492552602197976
619,0.002322228072443977,0.0004118873446714133
620,0.002261973585700616,0.00041174887446686624
621,0.002286126218677964,0.0004634093347704038
622,0.002350763144204393,0.0004452285764273256
623,0.0022350258703227157,0.0004081866529304534
624,0.0021266128154820763,0.0004203045944450423
625,0.0023340080355410465,0.0004217709734803066
626,0.0022209441231098026,0.00041686509212013334
627,0.0022412250458728523,0.0004443309386260808
628,0.0023214183092932217,0.0004807823803275824
629,0.0021863337606191635,0.00038381080667022617
630,0.002197717245144304,0.0004368987923953682
631,0.002214068965986371,0.0004451503395102918
632,0.0023284698894713075,0.0004502398136537522
633,0.00217510325164767,0.00044372845150064677
634,0.0022264402694418097,0.00042233066633343694
635,0.002204081761010457,0.0004551044985419139
636,0.002261326104053296,0.00044148974120616913
637,0.002418224028951954,0.0004203527088975534
638,0.0022217824414838107,0.0004029768548207358
639,0.0022285700833890587,0.0004541736358078197
640,0.0023245817923452706,0.00042121821315959095
641,0.00215591472806409,0.0004409027402289212
642,0.0023314113001106306,0.0004145234706811607
643,0.002356462192256004,0.00043657958158291874
644,0.0022304934944259005,0.000412140873959288
645,0.0022309482330456374,0.00040615254838485273
646,0.002313721149403136,0.0004130046028876677
647,0.0021754155022790655,0.0003951482125557959
648,0.002155801422486547,0.0004606692382367328
649,0.0022349445804138667,0.00040539877081755547
650,0.002230879885610193,0.0004207164834951982
651,0.0022344822209561244,0.0004538661305559799
652,0.0022221171646378936,0.000405494004371576
653,0.002300203424238134,0.0004007392475614324
654,0.0023008190764812753,0.00043181538057979196
655,0.002130629596649669,0.00041574261849746107
656,0.002299622766440734,0.00040946035005617887
657,0.0022364581091096625,0.0003794038319028914
658,0.002187540660088416,0.000399153315811418
659,0.0023189757441286927,0.0004053072421811521
660,0.0020798174446099438,0.000412516004871577
661,0.002252563303045463,0.0004000120738055557
662,0.0021657341480022297,0.0004293732374208048
663,0.002229303952481132,0.00042898261162918063
664,0.0021817206375999375,0.00040605169197078795
665,0.0023299231208511626,0.00041523903200868517
666,0.0022767893256968818,0.00040898913284763693
667,0.0021308691691956485,0.0004019927495392039
668,0.0021725244441768155,0.0004055593541124836
669,0.002318291360279545,0.0004272809543181211
670,0.0021631371550029145,0.0003946581797208637
671,0.0022648268335615286,0.00044378938036970794
672,0.0021028245042543857,0.0003962573769968003
673,0.0023490397492423654,0.0004224188247462735
674,0.002171577769331634,0.0004521605558693409
675,0.002161859319312498,0.0003969273791881278
676,0.002207779591844883,0.0003964868374168873
677,0.0021613524833810514,0.00042457449017092587
678,0.0020945773576386273,0.0004004403133876622
679,0.0022307328836177476,0.0004253634571796283
680,0.0022534106654347854,0.00041833652940113095
681,0.002076406880223658,0.00040847050549928097
682,0.0021021980312070808,0.0004109492030693218
683,0.002288081051665358,0.00041773944394662976
684,0.002230080761364661,0.00041196910315193235
685,0.0021421924757305533,0.0003890477790264413
686,0.002225769894721452,0.0004044863162562251
687,0.002049446415912826,0.0003842018311843276
688,0.002279165739309974,0.00039755176985636356
689,0.0024329044375917875,0.0003782337735174224
690,0.002144357596989721,0.0003910357743734494
691,0.002189192600781098,0.00040227642166428267
692,0.002273517698631622,0.0003953084524255246
693,0.0023216317931655794,0.0004497128102229908
694,0.002260027739976067,0.000385582962189801
695,0.0021771083411294967,0.00038823898357804866
696,0.002274096474866383,0.00039598009316250683
697,0.002269419042568188,0.0004134690680075437
698,0.0022678712717606685,0.000400503640412353
699,0.002237944789521862,0.0003746131871594116
700,0.002259589155437425,0.0003652042243629694
701,0.0022135078193969092,0.0004238210036419332
702,0.0022029580126400107,0.00037780588609166444
703,0.0021375922544393687,0.000363799263141118
704,0.0021069798240205273,0.0004092102317372337
705,0.002245677454629913,0.0003804260719334707
706,0.0021398637996753677,0.00039893864013720306
707,0.0021201764160650783,0.000376343124662526
708,0.0020565142505802212,0.00039604932826478036
709,0.0021937784491456113,0.00037708330783061685
710,0.0022517595512908883,0.0003819422970991582
711,0.0022341305957525037,0.0003657652792753652
712,0.00217323541874066,0.0003941941191442311
713,0.0021551558180362917,0.0003753642464289442
714,0.0023052269403706304,0.0003709943121066317
715,0.0023233624408021568,0.00045542526931967585
716,0.0021960040467092767,0.00039199311286211016
717,0.0021814520485349933,0.000414149888092652
718,0.0023341078602243217,0.00038246734184212985
719,0.0021787895704619585,0.0003702439949847758
720,0.0021333157405024395,0.00039451237535104156
721,0.002241607167525217,0.00046035013219807296
722,0.0021457163034938275,0.0004022821842227131
723,0.002240166362025775,0.00036923090519849213
724,0.002212417144619394,0.00043674626213032754
725,0.0020367254182929173,0.0003692555095767602
726,0.0022799539481638932,0.0003892928420100361
727,0.0022197299636900424,0.0003873462177580222
728,0.0020955505184247158,0.00035233990929555147
729,0.0023338578757829964,0.00044287583441473546
730,0.002158585524011869,0.0004095324606169015
731,0.0023112957904231736,0.00040528328681830315
732,0.0020837065298110248,0.0004248640383593738
733,0.0020783722706255504,0.0003869456792017445
734,0.002340501514845528,0.0003639566333731636
735,0.002140812268771697,0.0003974801162257791
736,0.002177076996304095,0.0003938866459066048
737,0.002153521534637548,0.0003446408256422728
738,0.0021423182959551925,0.0003711980010848492
739,0.002209655399201438,0.00037729581235907973
740,0.0023114648749469778,0.0004069586284458637
741,0.002203047378861811,0.000333245299407281
742,0.0022079124479205347,0.0003814286086708307
743,0.002145808319619391,0.00039880689582787453
744,0.0021963693652651273,0.000343239214271307
745,0.002235138053947594,0.00037655773339793084
746,0.0021320995030691845,0.00042122968879994006
747,0.0022751879136194476,0.0003851587272947654
748,0.002182477952737827,0.00034350853820797056
749,0.0021220899798208848,0.0004036480444483459
750,0.002183419973880518,0.00041198389662895353
751,0.0020302855657064354,0.0003814386436715722
752,0.002230851996864658,0.00036621092876885084
753,0.002242635125730885,0.00036885750596411527
754,0.002144446215243079,0.0003858238109387457
755,0.0021665516120265237,0.00035912065650336447
756,0.0023008414485957474,0.00038439282507169993
757,0.0020995427257730626,0.00033709177514538167
758,0.002159325699904002,0.0003822377562755719
759,0.0021546939635300076,0.00042930836789309976
760,0.0020496816403465347,0.00038789303798694166
761,0.0021836326603079216,0.00038055926270317284
762,0.00207915197534021,0.0003551822359440848
763,0.002146873530000448,0.000349333172198385
764,0.0021856433624634517,0.0003753690980374813
765,0.00210673458641395,0.00040394450770691036
766,0.002218078839359805,0.000364663838990964
767,0.002172825485467911,0.00037604772369377316
768,0.0021334320728783494,0.00040236156492028384
769,0.0020689571640104985,0.00035231045621912925
770,0.002231911760463845,0.0003797938261413947
771,0.002199881196429487,0.00041641547868493945
772,0.0022283059908659196,0.00043174604361411183
773,0.002068739490641747,0.0003425489121582359
774,0.0021559952598181552,0.00034543226938694717
775,0.0022062912394176237,0.0003537931450409815
776,0.002132245400571264,0.00035730004892684517
777,0.0021320297513739207,0.0003299789212178439
778,0.0021998047523084097,0.00039977369306143373
779,0.0022055402179830706,0.0003803968196734786
780,0.0023122281229007056,0.00043231609161011877
781,0.002240052819252014,0.000355809458415024
782,0.002170531696174294,0.0003709741431521252
783,0.002288699022028595,0.00036224336654413494
784,0.0019846545532345773,0.000350920160417445
785,0.002179537172196433,0.0003473658871371299
786,0.0021367385037592613,0.0003327797574456781
787,0.002030753511644434,0.00035168974427506327
788,0.0022635560773778705,0.0003818505763774738
789,0.0021970382615108973,0.0004063393600517884
790,0.0022555980540346354,0.0003977231186581776
791,0.002054757716541644,0.00034061218320857733
792,0.002198057253553998,0.0003675998828839511
793,0.0020746967958984895,0.00037671009195037184
794,0.0020856505841948094,0.0003529712819727138
795,0.0022886671373271382,0.0003728320880327374
796,0.0021020732223405504,0.0003622843534685671
797,0.0021314469238859603,0.0003654135070974007
798,0.0022350978397298604,0.0003371466940734535
799,0.00204385665274458,0.00036161579482723026
800,0.002233974984847009,0.0003993960563093424
801,0.00212223168782657,0.0003700138098793104
802,0.0022117673652246594,0.0003678259585285559
803,0.0020661451257183217,0.0003243989398470148
804,0.0020808211935218423,0.0003070265200221911
805,0.0021953911578748374,0.0003434177167946473
806,0.002105994506564457,0.0003600541269406676
807,0.0022010754750226625,0.0003827138862106949
808,0.0020757520294864664,0.0003138422267511487
809,0.0020570898297592064,0.00034859952866099774
810,0.0020939831068972127,0.000365676311776042
811,0.002184039090934675,0.0003813945862930268
812,0.0021410080196801575,0.0003471532079856843
813,0.0021143788355402647,0.0003499684040434659
814,0.0021661168822902253,0.0003198015794623643
815,0.00224479934113333,0.00038265570474322886
816,0.0020907297599478624,0.0003354820830281824
817,0.0020289455816964617,0.00030592517869081347
818,0.002131099435791839,0.0003302228607935831
819,0.00216789516271092,0.00035536856448743493
820,0.002088058748631738,0.00035489102883730085
821,0.0021800553222419694,0.00035244284081272783
822,0.002132369208266027,0.00033315133478026835
823,0.002108653985487763,0.00030833122436888514
824,0.002030921094410587,0.0004002756322734058
825,0.002038835831626784,0.00033955277467612177
826,0.0020496052617090753,0.0004271735990187153
827,0.0019967326094047166,0.00036646150692831725
828,0.0021757433642051183,0.0003959007241064683
829,0.0020535626492346635,0.00036766520643141123
830,0.00209572070161812,0.00035019812930841
831,0.002158419530314859,0.0003598491428419948
832,0.0021393334813183174,0.00038923640677239745
833,0.002237078886537347,0.0004124546510865912
834,0.002103071364399511,0.00035337535664439204
835,0.0023255815409356727,0.00041394398431293666
836,0.0020055387329193765,0.00029518550436478106
837,0.00214989923115354,0.00036303370143286884
838,0.0020190062074107117,0.000309328650473617
839,0.0022531652051839047,0.0003354908898472786
840,0.0020997591185732746,0.000311924095149152
841,0.00210760262561962,0.0003344559023389593
842,0.002183329436229542,0.0003340632363688201
843,0.002132836598320864,0.00031353066442534326
844,0.0021928375339484774,0.0003844422899419442
845,0.002105193729221355,0.0003255761112086475
846,0.002164549189910758,0.00033461209386587143
847,0.002021211742248852,0.00029959595121908933
848,0.0021377263430622405,0.00033340671798214315
849,0.0020275692935683765,0.0003758807753911242
850,0.002278480683162343,0.0003777836129302159
851,0.0020021745964186265,0.00044464060047175733
852,0.0020874513007584027,0.0003560827812179923
853,0.0020719278836622834,0.0003012731409398839
854,0.0020803150691790506,0.00036245973606128243
855,0.0020634551838156767,0.0003140273824101314
856,0.0019924519438063726,0.0003094947605859488
857,0.0020115938532399014,0.0003402671864023432
858,0.0020829950124607423,0.00034514101571403444
859,0.0021598785533569753,0.00046278251684270797
860,0.0022034507943317293,0.0003486221597995609
861,0.0019486975812469608,0.0003217858669813722
862,0.0022256272248341704,0.00031729193578939886
863,0.0020259964527213014,0.00038589644827879965
864,0.002143239944416564,0.0003161625296343118
865,0.002081687131430954,0.0003274243848863989
866,0.0019441847020061688,0.0003625357523560524
867,0.001942844787845388,0.00035670420620590446
868,0.0022989971403148957,0.00032050523441284895
869,0.0020399629283929244,0.0003610590007156134
870,0.0019346897766808978,0.000307262665592134
871,0.002141291082079988,0.0002969029301311821
872,0.002038251886551734,0.0003312156506581232
873,0.0021107266467879525,0.0003313338558655232
874,0.0019403910599066875,0.000324567238567397
875,0.0021061619801912455,0.0003581262717489153
876,0.002011749586381484,0.00032001099025364966
877,0.0022649796315818093,0.0003916266665328294
878,0.0020128660777118056,0.0003396302607143298
879,0.002038760541472584,0.00032523537520319224
880,0.0019448194114374928,0.00032784277864266186
881,0.0020692096528364345,0.0003347721416503191
882,0.0019110035369521937,0.00038329669914674016
883,0.0020076643224456346,0.0003865898004733026
884,0.0017780971764295827,0.0003591339103877544
885,0.0021515503234695644,0.0003207843052223325
886,0.002100545984285418,0.00037410126242320985
887,0.00208360997348791,0.00038479160284623506
888,0.0019898481361451557,0.0003544376086210832
889,0.0020565700906445272,0.0003440939995925874
890,0.0019427076302235946,0.00031205308041535316
891,0.002144589125236962,0.0003312455461127684
892,0.002171207603532821,0.000342771562281996
893,0.001984506564622279,0.00039751671720296146
894,0.0020872161505394613,0.0003158281382638961
895,0.0018840645614545792,0.0002903022977989167
896,0.0021632761650835163,0.0002929239271907136
897,0.0020347429628600365,0.00036343563988339156
898,0.002046693909505848,0.00037392718077171593
899,0.0020320506329881026,0.0002982814708957449
900,0.001921710101305507,0.0003190030256519094
901,0.001964862580643967,0.00036352413590066133
902,0.0019645830485387704,0.0003123324684565887
903,0.0020829563261941077,0.00030954651592765006
904,0.001970023466856219,0.0003250673529691994
905,0.001969696517335251,0.000338031689170748
906,0.002000725161633454,0.0003294688300229609
907,0.0019361406491952948,0.0004262286383891478
908,0.002137952118937392,0.0002930514863692224
909,0.002095647359965369,0.0003562102559953928
910,0.00202546135551529,0.00033477628603577613
911,0.002096122434886638,0.00030209342949092386
912,0.0020775791010237297,0.0003167302900692448
913,0.0022028196573955936,0.0003259649878600612
914,0.001854558929335326,0.0003271733381552622
915,0.002195905127155129,0.0003657042165286839
916,0.0020088998615392486,0.0002797031687805429
917,0.002086968647199683,0.00035188149486202746
918,0.0020145002592471426,0.0003787776076933369
919,0.00219504690321628,0.0003518701792927459
920,0.0019182586038368754,0.0002991943038068712
921,0.002128288113453891,0.000349494579131715
922,0.0021532849365030414,0.00032330207759514453
923,0.0021583875350188464,0.0003541874524671584
924,0.0021107087457494346,0.0003298873343737796
925,0.0020081115217180923,0.00029877833148930224
926,0.002170169421879109,0.0002930464776000008
927,0.0019338611222337932,0.0003736241313163191
928,0.002202021384437103,0.0003115548985078931
929,0.0018030309896857944,0.0002799259178573266
930,0.002106175733206328,0.0003059865237446502
931,0.0020788763358723372,0.00034881244937423617
932,0.0020887418126221747,0.00038911245646886525
933,0.0021432483437820336,0.0003470081923296675
934,0.0019074011157499625,0.0002894681936595589
935,0.00212817516294308,0.00036306383553892375
936,0.00194259523996152,0.0003356652450747788
937,0.0020402605281560683,0.00029875656764488667
938,0.002038353834359441,0.00035350201360415665
939,0.0021423492769827137,0.0003543657629052177
940,0.002004701949772425,0.0003366331860888749
941,0.0021207650395808743,0.000325807961053215
942,0.0021103524530190045,0.00040089734247885647
943,0.0019735542649868877,0.00035053185129072515
944,0.001960140830487944,0.00027868031174875795
945,0.0020291013119276614,0.00029922598332632333
946,0.002096077607711777,0.00033802810066845267
947,0.0020796288270503284,0.00029971648182254286
948,0.0019664884079247714,0.0003834595554508269
949,0.0021337338170269505,0.0003201651619747281
950,0.001963178563164547,0.00033787349530030043
951,0.0020921387811540628,0.000352197463507764
952,0.002040740982920397,0.00029578017711173743
953,0.002133268638863228,0.0004087066452484578
954,0.0020449818010092715,0.0002982808597153053
955,0.002049916409305297,0.0003380319511052221
956,0.001978578518901486,0.0002891697076847777
957,0.0019549122705939228,0.00030070717039052395
958,0.0020558617005008275,0.0003519495949149132
959,0.002057936902565416,0.00033297621994279327
960,0.002051974949426949,0.0003066600736929104
961,0.002041174792975653,0.00037834557006135585
962,0.0018559537493274547,0.00032564487191848456
963,0.0020151418633759023,0.00031041331239975987
964,0.002068174604210071,0.00030314024770632385
965,0.0019629820744739845,0.0002743376622674987
966,0.002040176930313464,0.0003521381178870797
967,0.0018640522001078352,0.00030756291816942395
968,0.002047671387845185,0.00030670975684188306
969,0.0019731439402676187,0.00034189912548754364
970,0.0020270421169698238,0.00030892577779013665
971,0.0019483704323647543,0.00029600547277368604
972,0.001993328302341979,0.00029107785958331077
973,0.0019409811837249435,0.0002926943707279861
974,0.0018295697373105213,0.0003060652874410152
975,0.0020709186239400877,0.00029377765022218225
976,0.0017069814100977964,0.0003668683115392923
977,0.002237108004919719,0.0003419370390474796
978,0.001996765840158332,0.00027451788482721893
979,0.001833625600556843,0.0003242489619879052
980,0.0018871431122533977,0.0002831401623552665
981,0.0021493324733455666,0.0003476201789453626
982,0.0020112472353503107,0.00029611881473101676
983,0.0021344753607991152,0.00035463401291053743
984,0.0018170342227676883,0.0003764602268347517
985,0.0021210051781963557,0.00034607117413543165
986,0.0019138910196488724,0.0003726354945683852
987,0.0020734861769597045,0.00032459174981340765
988,0.0019436450718785636,0.0003324309305753559
989,0.001996707923535723,0.0003298655356047675
990,0.0019718258918146603,0.00034498106397222726
991,0.0019798551977146415,0.00028781860019080343
992,0.0020626638462999834,0.000363233417738229
993,0.0020202751395117955,0.0003854725102428347
994,0.0019081643942627125,0.0003256729687564075
995,0.002077536957222037,0.000313014502171427
996,0.0018508191526052542,0.00034128432162106037
997,0.0021372528572101146,0.0003276428848039359
998,0.0020004809499369,0.000329083573888056
999,0.002003404888091609,0.00031077340827323496
1000,0.0019301541338791139,0.00033293291053269056
1001,0.002062882171594538,0.000275513221276924
1002,0.0018979884363943711,0.00032013493764679877
1003,0.0019295854901429266,0.0002764479868346825
1004,0.0020006240883958526,0.00034486510558053853
1005,0.0018295095869689249,0.0003271941066486761
1006,0.0021714963717386127,0.00037853167741559447
1007,0.0021543795184697954,0.00030991871317382903
1008,0.001960151139064692,0.00032361855264753105
1009,0.001881726534338668,0.00031554865418002007
1010,0.0020397518965182826,0.00030473980878014116
1011,0.0018376776002696714,0.00028074484143871816
1012,0.0018790450849337503,0.0003515182703267783
1013,0.002066387278318871,0.0003528771223500371
1014,0.002033213137474377,0.000299948500469327
1015,0.0019184045522706583,0.0003524861152982339
1016,0.0021825036383233964,0.00030116983980406077
1017,0.002058450259210076,0.0003613926790421829
1018,0.0020434033271158115,0.00028673683409579097
1019,0.0019230828183935955,0.00029141981212887913
1020,0.0019428381827310659,0.00034544031659606845
1021,0.0019655394164146854,0.00039566789637319745
1022,0.002065696506178938,0.00030649877153337
1023,0.0018810647918144241,0.0003417096653720364
1024,0.001969221448234748,0.00034268675080966203
1025,0.0020823592771193945,0.00031665002170484514
1026,0.0019816827349131926,0.00033880085684359076
1027,0.0018440403233398683,0.000276347785256803
1028,0.002102593054587487,0.00031035231077112255
1029,0.0019087834720266984,0.0003399174980586395
1030,0.002211436776269693,0.00028649001906160264
1031,0.0020308726336224934,0.00030817656661383805
1032,0.001999416423495859,0.00030003464489709587
1033,0.0017781267080863473,0.0003138931147987023
1034,0.0019060778271523305,0.00034656803763937204
1035,0.001885578020301182,0.0003693822625791654
1036,0.002277213158959057,0.0003860094613628462
1037,0.0018383096481557003,0.00032362465863116084
1038,0.0020702423600596374,0.00032764249190222474
1039,0.0019677488497109154,0.00038315217243507506
1040,0.002038110452122055,0.00035657511034514755
1041,0.0019367437125765719,0.0003729680000105873
1042,0.001909904297644971,0.0002771772211417556
1043,0.0020134653532295488,0.0002804006449878216
1044,0.0017454864238970913,0.00028489522519521416
1045,0.001887057851126883,0.0002868788025807589
1046,0.0018918088739155793,0.00030454171937890353
1047,0.0020639801645302215,0.0002813762315781787
1048,0.0019302946035168133,0.0003183553635608405
1049,0.0019064350039116108,0.0003381701942998916
1050,0.0019972217793110757,0.0003073466301430017
1051,0.0017498540386441165,0.00029134068463463334
1052,0.0020733563214889728,0.000365187504212372
1053,0.0019320201070513576,0.0002859284693840891
1054,0.0019348113492014818,0.0003336511581437662
1055,0.0019449276180239395,0.00029548110614996403
1056,0.002093336125835776,0.00028888599190395324
1057,0.0017427056132873985,0.0003573178284568712
1058,0.001949080076883547,0.0003428976982831955
1059,0.0019187962112482636,0.000288266918505542
1060,0.0020321479547419584,0.00036532703961711377
1061,0.0020246100175427273,0.0003147597395582125
1062,0.0018112017394741997,0.0003087036544457078
1063,0.0019875823199981824,0.0003031489934073761
1064,0.0017529772012494504,0.00031965964590199294
1065,0.001874824038532097,0.00031322126451414076
1066,0.0018701957757002673,0.0003099731868132949
1067,0.001941500474640634,0.0003901692922227085
1068,0.0017555825266754254,0.0002594069519545883
1069,0.0019168125654687174,0.00032584912842139604
1070,0.0018750420087599196,0.00032135866931639614
1071,0.0018831073597539217,0.00031975492602214216
1072,0.0019904022774426267,0.00028856884164270015
1073,0.00187351545173442,0.00030768905417062343
1074,0.0018111504672560842,0.0002574638172518462
1075,0.0019278780164313503,0.000337598254554905
1076,0.0017854190118669067,0.0003121098823612556
1077,0.0019887380505679174,0.0003056431713048369
1078,0.0019006697883014567,0.0002689742686925456
1079,0.0018248535168822854,0.00032978788076434287
1080,0.001965559941891115,0.0003624934703111649
1081,0.0020082619434106165,0.00037102903006598354
1082,0.001969661287148483,0.00032013091258704663
1083,0.0020441962391487324,0.0003014545713085681
1084,0.0019571268931031227,0.00030714591848663987
1085,0.0017350894093397073,0.00028271579358261076
1086,0.001926687678496819,0.0003019366238731891
1087,0.0020203849984682166,0.00028343245794530957
1088,0.0019096180112683214,0.00034248149895574895
1089,0.002179842718760483,0.0002833437320077792
1090,0.0018470579336280935,0.0003251726913731545
1091,0.001990832515002694,0.00034447126381564885
1092,0.0019975097733549775,0.0003490815026452765
1093,0.0019467404577881097,0.0003711460012709722
1094,0.0017957430900423788,0.00039972203085199
1095,0.002136187136056833,0.00038221178110688927
1096,0.0018361404348979705,0.0003173961042193696
1097,0.0020866772916633635,0.0003175144491251558
1098,0.001849938865052536,0.0002996284165419638
1099,0.0020419347274582833,0.00034113507717847824
1100,0.0018389211152680218,0.0003533140785293654
1101,0.0017989952801144681,0.00026121293776668606
1102,0.001975161577865947,0.00027923373563680797
1103,0.002107798923680093,0.00032961216347757725
1104,0.001886358122283127,0.0003093329753028229
1105,0.0019516713364282623,0.000299324604566209
1106,0.0019485061769955792,0.0003289054468041286
1107,0.0017601302402908913,0.000326968909939751
1108,0.0019918876118026675,0.00035520828678272667
1109,0.0017352123002638109,0.0002784440148388967
1110,0.002041327388724312,0.0002754382148850709
1111,0.001799928626860492,0.0002736750175245106
1112,0.00183423468406545,0.0002651210845215246
1113,0.0019574082325561903,0.00036418371309991925
1114,0.0020834276743698864,0.0003609509498346597
1115,0.001812806009547785,0.00030123658361844716
1116,0.00188898679043632,0.0002646310458658263
1117,0.0018263206948176958,0.0003352410334628075
1118,0.001988853604416363,0.0003262031823396683
1119,0.0018297330345376395,0.0002818195294821635
1120,0.002006295339378994,0.0003064949531108141
1121,0.0018841916607925668,0.0003422084409976378
1122,0.002034616464516148,0.0003142744826618582
1123,0.0019672425289172677,0.000324965690379031
1124,0.0019013996192370542,0.0003534211835358292
1125,0.0017637475175433792,0.0003399316221475601
1126,0.0019403198108193464,0.0003382813709322363
1127,0.0018114678052370437,0.000293218286242336
1128,0.0019802144524874166,0.0002585121867014095
1129,0.001990619194111787,0.0003576523828087375
1130,0.0019159102826961315,0.0003276893257861957
1131,0.0018145351568819024,0.0002827436401275918
1132,0.00198446516005788,0.0003350103390403092
1133,0.001752817680244334,0.0003049603488761932
1134,0.00209646446746774,0.00029764735663775357
1135,0.0018504500534618274,0.00033646927040535956
1136,0.002103218939737417,0.0003253352246247232
1137,0.0018278667019330896,0.00035284243058413266
1138,0.0018512953829485923,0.00039080547285266223
1139,0.0017586875954293645,0.0003067154291784391
1140,0.002186203135352116,0.00032802612986415625
1141,0.0018627042562002316,0.0003509626927552745
1142,0.0017849617244792171,0.00028324554732535036
1143,0.002055859334359411,0.00030152631807141007
1144,0.0017223154369276016,0.000261741629219614
1145,0.0020347929326817392,0.00028434506675694137
1146,0.001824672645307146,0.0002644548105308786
1147,0.001910197218239773,0.0002808802790241316
1148,0.0018499439785955474,0.0003068797057494521
1149,0.001982395497907419,0.0003173816076014191
1150,0.0017908681824337692,0.0002920724655268714
1151,0.002029795521229971,0.00025475117145106195
1152,0.0018502935374272056,0.00025417618453502653
1153,0.0018669863187824377,0.00028462757472880185
1154,0.0018665412935661152,0.0002962645172374323
1155,0.0018743872540653683,0.0002784719807095826
1156,0.001877668101224117,0.00027438910910859704
1157,0.0016914650521357543,0.0002918684855103493
1158,0.0019068760782829485,0.0002653617790201679
1159,0.001964835809485521,0.000266485134488903
1160,0.0019776218265178612,0.00032090033346321434
1161,0.00188571580365533,0.0003350331186084077
1162,0.0018915766806458123,0.00027417090022936464
1163,0.001926409279985819,0.0003496524237561971
1164,0.0019102936101262457,0.000289857794996351
1165,0.0019434491405263543,0.0003881676966557279
1166,0.001986444034264423,0.000302309772814624
1167,0.0018300973999430426,0.0002764226926956326
1168,0.0020177754035103136,0.0002682295395061374
1169,0.001956243511813227,0.0002864617563318461
1170,0.0018514152368879877,0.000348889923770912
1171,0.0018613298874697649,0.00027187291707377883
1172,0.0017565409871167503,0.0002917468460509554
1173,0.0018578667120891623,0.00028804138710256664
1174,0.0018473758376785555,0.0003114373073913157
1175,0.001978738288744353,0.0003787299036048353
1176,0.0019410232314839959,0.00036293885204941034
1177,0.0019068414301727898,0.0002885272406274453
1178,0.0017309652583207935,0.0002841876354068518
1179,0.0018697057865210808,0.00028356150723993776
1180,0.0017201928145368583,0.0002781396935461089
1181,0.0018966084127896466,0.00029214174719527364
1182,0.0018541641285992228,0.00028112999571021645
1183,0.0017997411225223914,0.000320240153814666
1184,0.0018246911145979538,0.00029924286645837127
1185,0.0018863482589949853,0.00028770086355507375
1186,0.0017959850782062858,0.00028360440337564795
1187,0.0017825259405071848,0.0002606279420433566
1188,0.001935859865625389,0.00028096321038901807
1189,0.0018553083660663105,0.0002807418175507337
1190,0.0018708910400164313,0.0002738861279794946
1191,0.0017855025143944658,0.000245164634543471
1192,0.0018397894222289325,0.00026570618792902677
1193,0.0017861555403214878,0.0003110811900114641
1194,0.001962847488175612,0.00027391166368033736
1195,0.001859589670493733,0.00031363863090518864
1196,0.001923780536162667,0.00033030009071808306
1197,0.0018887171056121588,0.0003869008971378207
1198,0.0017809952893003355,0.0003181179607054219
1199,0.00189910499175312,0.0002852754289051518
1200,0.0019560346816433595,0.00035327378427609803
1201,0.0020134059013798833,0.0003090224490733817
1202,0.0018674839622690343,0.00028660815733019265
1203,0.001744150946615264,0.0002750062267296016
1204,0.0019143110897857697,0.0002722830802667886
1205,0.0019125518156215549,0.00026036889175884426
1206,0.0017320175145869143,0.00026287777291145176
1207,0.0017939549157745204,0.00029148772882763295
1208,0.0019116770214168354,0.00027633383579086514
1209,0.001879911799915135,0.0002941809798358008
1210,0.001967814363888465,0.0002934140182333067
1211,0.00189045328006614,0.00030797285435255615
1212,0.0017697168295853771,0.0002748023223830387
1213,0.0018013918481301517,0.0002771361148916185
1214,0.0019148921797750517,0.0002970335481222719
1215,0.0019880685998941773,0.00037358021654654294
1216,0.0018885995988966898,0.0002944332722108811
1217,0.0019132653818815016,0.00031533948495052753
1218,0.0018228851797175594,0.00028507992101367563
1219,0.0018461993982782587,0.00033620512404013424
1220,0.0019004367655725217,0.00026577999524306505
1221,0.0017361617457936518,0.0002817590575432405
1222,0.0017756155182723887,0.0003003786987392232
1223,0.0018338183086598291,0.00029356502927839755
1224,0.0019018534643691965,0.0003445669717621058
1225,0.0019461697869701312,0.00032412486907560376
1226,0.0017252686549909413,0.0002752181550022215
1227,0.0017547771436511538,0.000333778458298184
1228,0.0018772954412270338,0.00029159509285818784
1229,0.0019524160801665858,0.00033758532954379915
1230,0.001619736677093897,0.0002542029513278976
1231,0.002073678307351656,0.0003277699172031134
1232,0.0018277303301147186,0.00030772010213695464
1233,0.0018397758176433854,0.0002717499359278008
1234,0.0016405254675191828,0.00025246900331694634
1235,0.002052997672581114,0.00027013678918592633
1236,0.0017909938833327033,0.00031324656738433986
1237,0.0020005344616947696,0.0002945862215710804
1238,0.0018251692657941022,0.00030951712979003786
1239,0.001928336983837653,0.00027692150324583055
1240,0.0018739301420282572,0.00023922194668557495
1241,0.0017505181109299882,0.00034398728748783467
1242,0.0017813789250794797,0.0003100112691754475
1243,0.0018401346649625338,0.00030715949542354793
1244,0.001919104842818342,0.00026365803205408156
1245,0.0018215454590972513,0.00027078008570242674
1246,0.0019281806045910344,0.0002620280836708844
1247,0.0018694348356802948,0.0002849081298336387
1248,0.0018395054386928678,0.0003480796149233356
1249,0.0016939600740442985,0.00032855437602847816
1250,0.0021363881591241808,0.00040008507785387336
1251,0.0018602105410536751,0.0003433670353842899
1252,0.002010244612756651,0.00039797312347218395
1253,0.0017708214014419354,0.0003484732762444764
1254,0.0019467568345135078,0.0002669447741936892
1255,0.0018667055090190842,0.00035260865406598895
1256,0.0018562589306384326,0.0003283813945017755
1257,0.0018877937793149613,0.00027470821514725686
1258,0.0018368148579611444,0.0002926921850303188
1259,0.001828060248226393,0.00030162253824528307
1260,0.001680303864122834,0.0002734845067607239
1261,0.002105220584780909,0.0002930550166638568
1262,0.0017240716668311506,0.00026475793856661767
1263,0.0018470495226210915,0.0003097595239523798
1264,0.0018494469681172633,0.00030386906291823834
1265,0.0020111362711759282,0.0003382903028978035
1266,0.001727136613044422,0.00034669997403398157
1267,0.001880979501584079,0.00024848615285009144
1268,0.0017880300947581418,0.000268919111113064
1269,0.0018167523012380116,0.0002734424197115004
1270,0.0017986883176490664,0.0003224142623366788
1271,0.0016632233891868964,0.00027799393865279853
1272,0.001998914623982273,0.0003792468778556213
1273,0.0016191980466828682,0.0003608005557907745
1274,0.0016751725619542413,0.0002998537675011903
1275,0.0018328159450902604,0.00031218230433296414
1276,0.0017308087160927243,0.00027354072080925106
1277,0.0018596567766508087,0.0003413244994590059
1278,0.0018435337115079165,0.0003460909967543557
1279,0.0018048708472633735,0.0002856369421351701
1280,0.00182411484856857,0.00034933869901578876
1281,0.0018088742610416376,0.0002844599628588185
1282,0.0018578451257781126,0.0002660042460775003
1283,0.0015857930571655742,0.00031559525814373046
1284,0.0018650695245014503,0.0002707993087824434
1285,0.0017448828933993355,0.0002967506414279342
1286,0.0018682612091652118,0.00026157829561270776
1287,0.0018240379125927576,0.0003007990919286385
1288,0.0018884304809034802,0.00028965085803065447
1289,0.001758139238518197,0.00032633561932016164
1290,0.001897016732254997,0.00028312036010902375
1291,0.0019651322421850637,0.00030946824117563667
1292,0.00180836917279521,0.0003188294766005129
1293,0.0018305000048712827,0.0002724133082665503
1294,0.0018665680167032407,0.00023168058978626505
1295,0.0017322600033367053,0.0003211692994227633
1296,0.0019091807203949428,0.0003252862021327019
1297,0.0018329555678064935,0.00029268744110595436
1298,0.0018257076095324009,0.00027275612228550017
1299,0.001819831709144637,0.00033611207618378103
1300,0.001869818069098983,0.00036077334370929746
1301,0.0015906477012322285,0.00024528494104743005
1302,0.0019467474456178024,0.0002609618008136749
1303,0.001664062312920578,0.0002852647070540115
1304,0.0018108682401361876,0.0002800659538479522
1305,0.001831081070122309,0.00028224939305800947
1306,0.001851566204277333,0.00029983693966642024
1307,0.001723339177260641,0.0003738390892976895
1308,0.0020315119225415403,0.0003427000570809469
1309,0.0017356246025883593,0.00024360819516004993
1310,0.0020724345071357676,0.00039147505594883114
1311,0.00164278154989006,0.00027698328776750716
1312,0.0018696848768740893,0.00029746541986241937
1313,0.0018422128152451478,0.00028211783501319587
1314,0.0017117019713623449,0.0003095106047112495
1315,0.0020096681808354335,0.00033790774759836497
1316,0.0017531362616864498,0.00027937714767176656
1317,0.0017206859527505002,0.0003187046735547483
1318,0.0019615782468463292,0.00026834240707103164
1319,0.0018091657999320886,0.0002660372934769839
1320,0.0019099417186225764,0.000337007237249054
1321,0.0019242777445469983,0.0003076704771956429
1322,0.0017471963627031073,0.0002873350051231682
1323,0.0017272127806791104,0.00031099939078558234
1324,0.0019165639852872119,0.00032325879437848925
1325,0.0016125639362144285,0.0002637182449689135
1326,0.0019433111665421166,0.00030960859439801427
1327,0.0017653846938628704,0.000253650511149317
1328,0.0019231655533076264,0.0002893996192142367
1329,0.0017732282198267058,0.00032643533777445557
1330,0.00189758261985844,0.0003450170363066718
1331,0.0018843407087842934,0.0003913906519301236
1332,0.0017696410868666135,0.00025515936431474984
1333,0.0018287567181687336,0.0002976288116769865
1334,0.0019824725881335326,0.00047452214057557284
1335,0.001792462895537028,0.0003151312004774809
1336,0.001871389955340419,0.0003306431986857206
1337,0.0017576024998561478,0.000268490836606361
1338,0.00194096538471058,0.00037207604909781364
1339,0.001754168480692897,0.00027715178148355333
1340,0.0018395803519524634,0.0003162711625918746
1341,0.0016413122037192806,0.0003367386874742806
1342,0.001893810019828379,0.00026891922461800275
1343,0.0019023347427719272,0.0002721978205954656
1344,0.0017765795390005223,0.00038145623402670027
1345,0.001681819005170837,0.00027743057580664754
1346,0.0018615517852595075,0.0003563973237760365
1347,0.0018868430444854312,0.0003150078002363443
1348,0.0015934482376906089,0.0003077299945289269
1349,0.0018691496836254374,0.00029117190570104867
1350,0.0018074891675496473,0.00023427504202118145
1351,0.0017164672579383477,0.00026275666314177213
1352,0.0018219983816379682,0.0003199180820956826
1353,0.0017472279418143445,0.0002804861549520865
1354,0.0018432911892887205,0.0003350004582898691
1355,0.0018607262332807294,0.0002969335851958022
1356,0.001747905595402699,0.0002980114542879164
1357,0.0017704944184515625,0.00026369133265689013
1358,0.0019169881503330543,0.0002837631298461929
1359,0.0016743288913858123,0.0002837527106748894
1360,0.0018803539889631793,0.00028055293078068646
1361,0.0018226358166430145,0.00029600378475151955
1362,0.0017054810668923892,0.00033852785709314047
1363,0.0017196432134369388,0.0002937190787633881
1364,0.001922173993079923,0.00027913166559301317
1365,0.0019097637574304826,0.00029246123740449547
1366,0.001905611893744208,0.0003211695031495765
1367,0.0019134010013658552,0.00026140139380004257
1368,0.001728004821779905,0.0003152361692627892
1369,0.0018290258885826916,0.00026943304110318424
1370,0.0018579276496893727,0.00027643538487609476
1371,0.0016576171896304005,0.0002749377657892182
1372,0.0018104976450558751,0.000355807167943567
1373,0.001936668361304328,0.00029124144930392504
1374,0.0017337645433144644,0.0003237185854231939
1375,0.0017704898433294146,0.0002795507316477597
1376,0.0017316222409135662,0.00028049560205545276
1377,0.001979774603387341,0.00038201430870685724
1378,0.0016818556759972125,0.0003187003720086068
1379,0.001958445450873114,0.00032112929329741746
1380,0.0017610326467547566,0.00033211179834324867
1381,0.0018084438503137789,0.00029738174634985626
1382,0.0017808536023949273,0.00031164129904937
1383,0.001914651041442994,0.00026960918330587447
1384,0.0016990851654554717,0.000261828865041025
1385,0.0018030700470262674,0.0002655234071426094
1386,0.0016563349374337122,0.00026525906287133694
1387,0.0018684938389924356,0.00032254868419840933
1388,0.0017306702182395383,0.0002710494096390903
1389,0.0017594088669284247,0.00031256842194125054
1390,0.0018446324815158733,0.000289604056160897
1391,0.001633701688842848,0.0002582361834356561
1392,0.0017949385190149769,0.0003634303022408858
1393,0.0017168984704767354,0.000314889641595073
1394,0.0018629908256116324,0.0003960461675887927
1395,0.0016212838105275295,0.0002386673688306473
1396,0.0018515330768423155,0.0003771293442696333
1397,0.0018476705401553773,0.0003406724194064736
1398,0.0017687042083707639,0.00033696063910610975
1399,0.0018280573931406252,0.0002630340604810044
1400,0.0018212182592833414,0.0003519468184094876
1401,0.0017542150089866482,0.00028622502577491105
1402,0.0017290208415943198,0.0002674468734767288
1403,0.00188786697544856,0.00033978931314777584
1404,0.001750333167728968,0.000344312223023735
1405,0.001911693134752568,0.00028568953857757153
1406,0.0018299737886991352,0.00032671134977135807
1407,0.0017943221988389268,0.00026879293145611884
1408,0.0018091260310029611,0.00029987998132128266
1409,0.001971253332158085,0.0003333019296405837
1410,0.0018217605364043265,0.0003016250062501058
1411,0.0017701826895063278,0.00027980812010355296
1412,0.0017548325369716622,0.0002806209638947621
1413,0.0018215654417872429,0.0003151921700919047
1414,0.0017617671968764626,0.0002845390670699999
1415,0.0017537820764118805,0.0002928569127107039
1416,0.0017986089704209007,0.0002808560850098729
1417,0.0017031905008479953,0.0004008085961686447
1418,0.0018828351574484258,0.0002853008918464184
1419,0.0017768186065950432,0.00025089167174883185
1420,0.0018859841118683107,0.00037217432400211693
1421,0.0015900091690127737,0.000252969513530843
1422,0.0018098654109053314,0.0003343071963172406
1423,0.0016442167354398407,0.00023442819074261933
1424,0.001901157911925111,0.00036777370551135393
1425,0.0017660941331996583,0.00035014992754440756
1426,0.0017420461619622075,0.0003040265990421176
1427,0.0018335219428990968,0.0003505488304654136
1428,0.0018348573648836464,0.0002472986379871145
1429,0.00174989782681223,0.00028109009144827724
1430,0.0018206699191068766,0.00029359813197515905
1431,0.0017781311078579165,0.00026130526093766094
1432,0.0018225891384645366,0.0002585353999165818
1433,0.0016395461483625696,0.00037155807949602605
1434,0.0018973640995682216,0.00026508561859373003
1435,0.0017069512992748058,0.0002659514284459874
1436,0.0019216682208934798,0.0003250548412324861
1437,0.0018108245101757347,0.00035671793739311397
1438,0.0017360254729283041,0.00024639327020850035
1439,0.0017656241019722075,0.0003656781365862116
1440,0.0016722359352570493,0.0003718535852385685
1441,0.0016832943882036488,0.00027739102661143987
1442,0.001649823080515489,0.0002747546619502828
1443,0.0017568768889759667,0.0003053025749977678
1444,0.0016732995733036659,0.00029126640292815865
1445,0.0017968662534258329,0.0002650878363056108
1446,0.0015994896886695642,0.00030792974575888366
1447,0.0018238502147141845,0.0002892362157581374
1448,0.0017875978330266662,0.00029056889761704954
1449,0.0017684936043224297,0.0002728438877966255
1450,0.0016972792611340993,0.00030325788538902997
1451,0.0017424061195924878,0.0002964921557577327
1452,0.0017045359083567746,0.0002484866650775075
1453,0.0017297942991717718,0.0002747024322161451
1454,0.0016894667351152748,0.00034052387927658857
1455,0.0018410565200611018,0.00029608409968204794
1456,0.0017962746889679693,0.0003192543255863711
1457,0.0017070349684217944,0.00026598266849759967
1458,0.001759416502318345,0.0003493656025966629
1459,0.0016433836965006777,0.00020676755520980804
1460,0.0017860794490843547,0.0002677183889318258
1461,0.001620929159980733,0.0003220913087716326
1462,0.001808995197643526,0.0002607954462291673
1463,0.0015550802796497009,0.00030975665140431374
1464,0.0017750842540408484,0.0002797665452817455
1465,0.0017291832438786515,0.0003047234466066584
1466,0.0017273795558139682,0.00032054140756372363
1467,0.001802459903410636,0.00021745389531133697
1468,0.0017421180877136067,0.00025051357806660235
1469,0.001640825740469154,0.0002808388322591782
1470,0.0016903352850931696,0.00023898353974800558
1471,0.001817874307744205,0.0002762823482044041
1472,0.001965437305625528,0.000307096925098449
1473,0.0016200183818000369,0.00028296030650381
1474,0.0016923826246056707,0.0002763020369457081
1475,0.0018085575720760971,0.00035040928632952274
1476,0.0017500052781542763,0.00029626289615407585
1477,0.001786515062849503,0.00023880266235210001
1478,0.0016078427972388454,0.00032206662581302226
1479,0.0016106835406390018,0.00031208945729304104
1480,0.001594024100631941,0.00025152965390589087
1481,0.001671500648080837,0.0002607006987091154
1482,0.0017136616923380643,0.00022182989778229967
1483,0.0018270049811690114,0.0003172129247104749
1484,0.0017729043538565747,0.0003160959575325251
1485,0.0018585540674393997,0.00031397358106914907
1486,0.001797410292783752,0.0003149261436192319
1487,0.0017506343690911307,0.0002854172373190522
1488,0.0019034744313103148,0.00032443019736092535
1489,0.0015821023691387382,0.00026416138280183077
1490,0.00172235951613402,0.00027166449872311204
1491,0.0017801820969907567,0.0002879228763049468
1492,0.0018522146274335682,0.00027416227967478333
1493,0.0016773691721027717,0.0003103695606114343
1494,0.0017480155191151425,0.0002840544126229361
1495,0.0016488041277625599,0.00032035058247856794
1496,0.0017014122189721093,0.00030140740855131296
1497,0.0016164663204108365,0.0003208954178262502
1498,0.0018965787065098993,0.0003503545973217115
1499,0.0016097251464088913,0.0002988834836287424
1500,0.0017338075427687726,0.00025952201976906506
1501,0.0017867831469629892,0.0002802110888296738
1502,0.0016370578217902222,0.00025564019160810857
1503,0.0017402998651959932,0.00026345582737121733
1504,0.0016506432424648666,0.0002383491228101775
1505,0.001699593300872948,0.0003169012750731781
1506,0.0018112905410816893,0.0004505971824983135
1507,0.0016413841403846163,0.0003352272673510015
1508,0.001751651857921388,0.0003853263682685792
1509,0.0017437325666833203,0.00027947288763243707
1510,0.0015664223828935064,0.0002745579433394596
1511,0.0019004533678526059,0.00028039030148647727
1512,0.0016259757554507813,0.0003057962894672528
1513,0.0015964068181347102,0.00030750992300454527
1514,0.0016745001252274961,0.00028417775465641173
1515,0.0017873120857984758,0.00029895720654167236
1516,0.001461443435982801,0.0002613722055684775
1517,0.0017180175447720103,0.0003540341800544411
1518,0.001752473092346918,0.00028413771651685237
1519,0.0017768968769814818,0.00024829675094224514
1520,0.0018990582015248948,0.00030935551912989465
1521,0.0016323665491654537,0.00027067131304647774
1522,0.0018487403343897314,0.00029654471727553756
1523,0.00177203902421752,0.0002816392050590366
1524,0.0016491500500706024,0.0003202730527846143
1525,0.001948042383446591,0.0003248328896006569
1526,0.0017086236344766802,0.00026430123543832453
1527,0.0018554645517724565,0.00038807666569482533
1528,0.0017007239977829159,0.00024718482163734736
1529,0.0017528280746773816,0.0002474073757184669
1530,0.0015282789652701467,0.0002658898709341884
1531,0.0017762331204721703,0.00026029038708657025
1532,0.0018869807536248118,0.0003105017152847722
1533,0.0015924959487165324,0.00027193826681468634
1534,0.0018525414445321076,0.0003586139006074518
1535,0.0017170432402053848,0.0003421341214561835
1536,0.001586384352413006,0.0002537531720008701
1537,0.0016453993084724061,0.0003164102992741391
1538,0.0017711180742480792,0.000310891741537489
1539,0.0016801799880340695,0.00025172478053718804
1540,0.0016486615808389616,0.0003543752041878179
1541,0.001732573815388605,0.0003939770394936204
1542,0.0019122816971503197,0.00032643113227095457
1543,0.0018239571902086027,0.0003044142969883978
1544,0.001940670695330482,0.00026810695417225363
1545,0.0018155782716348767,0.000362318370025605
1546,0.0016698359308065847,0.000336281320778653
1547,0.0017316764933639206,0.00028888741217087955
1548,0.001625590198818827,0.0003322762553580105
1549,0.0018828577638487331,0.00025761277065612377
1550,0.0015786895644851028,0.0002351213144720532
1551,0.0018666961812414228,0.00031371373333968224
1552,0.0015417437614814844,0.00044112343748565764
1553,0.0016818631032947452,0.0002888160204747692
1554,0.0019314219724037684,0.00031939258624333886
1555,0.001841093719122,0.0003811557136941701
1556,0.0018064259857055731,0.0002903949934989214
1557,0.0017091142552089877,0.00029256007983349266
1558,0.0017222953465534374,0.00039234185533132404
1559,0.0018152323842514305,0.0003039459203137085
1560,0.001582726695050951,0.00020815273019252344
1561,0.001875789210316725,0.00036951607908122244
1562,0.0018567566614365206,0.0002819756598910317
1563,0.0018304753219126723,0.0003160974098136649
1564,0.0018355832260567694,0.0002953833813080564
1565,0.0018469349452061579,0.00028625925187952816
1566,0.0014914935003616848,0.0003029083047294989
1567,0.0017693457150016912,0.0002401963560259901
1568,0.001670099195325747,0.00023293162666959688
1569,0.0015857466336456128,0.0003760480001801625
1570,0.0017798867076635361,0.0003486251574940979
1571,0.00179670431825798,0.0002471754822181538
1572,0.0016140112413268071,0.0002387921282206662
1573,0.0019040416256757454,0.0002887320646550506
1574,0.0016357882370357402,0.0002850008138921112
1575,0.0018098863896739204,0.0002510511578293517
1576,0.0017096753930673004,0.0002857972256606445
1577,0.0017161702016892377,0.00029485770792234687
1578,0.0017143950230092742,0.0002573855424998328
1579,0.0016913944040425123,0.0002967006497783586
1580,0.0016894745378522203,0.00025380854203831403
1581,0.001708609067281941,0.0003115625848295167
1582,0.0016105471047922037,0.0002668821281986311
1583,0.0016498471901286393,0.000294384008157067
1584,0.001654108622460626,0.00028994767635595056
1585,0.0018107264608261176,0.000290113699156791
1586,0.0016251138426014223,0.00023473359178751707
1587,0.0015796100997249596,0.0002771631989162415
1588,0.0020291408785851673,0.0003583660232834518
1589,0.0015009315917268395,0.00022855082206660882
1590,0.0017254668986424805,0.0003124436771031469
1591,0.0016290943909552879,0.00024196872691391037
1592,0.0015932979280478322,0.00028422198083717377
1593,0.0016965015078312718,0.00029734821582678707
1594,0.001554232007038081,0.0003060731309233233
1595,0.0017928710236446931,0.00026691733219195155
1596,0.0017617263249121607,0.0002876887418096885
1597,0.0016039955386077053,0.0002835190040059388
1598,0.0018616778557770885,0.00034536643652245403
1599,0.0017877924357890152,0.00027727737906388936
1600,0.0017708587896777318,0.0002729212836129591
1601,0.0016661207977449522,0.00031624678231310097
1602,0.0017102587575209328,0.00028238738304935395
1603,0.001862120148143731,0.00026631592481862754
1604,0.001823110469558742,0.0002949219313450158
1605,0.0016528971522348002,0.0003351406776346266
1606,0.0019234288498410023,0.0003106176503933966
1607,0.0016056731750722975,0.00022781043517170474
1608,0.0015879039565334097,0.0002697164280107245
1609,0.0018871277905418537,0.00034856635029427706
1610,0.0015633864008123056,0.00027655509184114634
1611,0.0016440635023172944,0.00029148417816031723
1612,0.0017791644713724963,0.00028443025948945435
1613,0.0017254353442694992,0.00027691389550454915
1614,0.0016919530513405333,0.0003405533585464582
1615,0.0016306191275361926,0.00033225093502551315
1616,0.001873683677695226,0.00030672232969664037
1617,0.001609242509584874,0.000247994510573335
1618,0.0018441782856825739,0.00026123048737645147
1619,0.0018030412276857533,0.0003353060776134953
1620,0.0016031919192755594,0.00023799779155524446
1621,0.0015431837084179279,0.00036677190219052135
1622,0.0016151688068930525,0.0002647006360348314
1623,0.0018657520806300454,0.000336082634748891
1624,0.0017756584042217583,0.00031402891036123035
1625,0.0018910099694039672,0.0003914948785677552
1626,0.0016009936094633303,0.00027107954665552827
1627,0.0019185910889063962,0.0003467106638709083
1628,0.0015829007330466992,0.0002601334359496832
1629,0.0017588494200026616,0.00030540775042027236
1630,0.0015956385119352489,0.0002883230772567913
1631,0.0018298231065273286,0.00027310733566991984
1632,0.0016861207419424317,0.0003407848271308467
1633,0.0017760052884113974,0.00032192671205848454
1634,0.0017520292298286223,0.00027954027464147655
1635,0.0016609626050922087,0.00030268087284639477
1636,0.0017086688472772948,0.00033165243221446874
1637,0.0018979350934387185,0.00033157236757688226
1638,0.0016071396312327124,0.00035140509135089815
1639,0.001797948739840649,0.00026521146355662495
1640,0.0015523582173045725,0.0002657218370586634
1641,0.0016124731628224254,0.0003207923640729859
1642,0.0016694664969691075,0.0003003770048962906
1643,0.0017285172565607355,0.00027131304668728264
1644,0.0015416769863804802,0.0002974982431624085
1645,0.0018781498438329436,0.00031652594916522505
1646,0.0015163733725785278,0.00028334688977338374
1647,0.0017562195804202928,0.0002627183828735724
1648,0.0017850984702818095,0.0002880034764530137
1649,0.0015165942313615233,0.00024154288112185896
1650,0.0017389724482200109,0.0002793873776681721
1651,0.0018074265506584197,0.0003352001076564193
1652,0.0018380299938144163,0.0003589981584809721
1653,0.0017069654611987061,0.00028556803590618074
1654,0.00181444576010108,0.00031239501549862325
1655,0.0014814942587690894,0.0002733271423494443
1656,0.0016325701086316257,0.00025172912573907525
1657,0.001696464316046331,0.0003288977110059932
1658,0.0016154049764736556,0.0002557369036367163
1659,0.0018132768062059767,0.0003780577942961827
1660,0.0018098242639098317,0.00028747611213475466
1661,0.001559783252014313,0.0002566712675616145
1662,0.001681080209527863,0.0003661812137579545
1663,0.001625748239166569,0.00026075194182340056
1664,0.0018351092221564613,0.00031093911966308954
1665,0.0016596157118328847,0.00025294625957030805
1666,0.0016218044300330802,0.0002324742657947354
1667,0.001799433295673225,0.0002794128202367574
1668,0.0015185189942712896,0.000260464585153386
1669,0.0016307276833686045,0.0002889818832045421
1670,0.001707208386505954,0.00031113341101445257
1671,0.0017225113006134052,0.00034650981542654334
1672,0.001633943402703153,0.00024590871908003464
1673,0.0017658468481386081,0.000319881274481304
1674,0.001636368065373972,0.00030001385312061757
1675,0.0018898843176430092,0.00033302731171716007
1676,0.0015744122887554114,0.0002418848656816408
1677,0.0018581214753794484,0.0003247781249228865
1678,0.0017701457472867332,0.0003935969580197707
1679,0.001660322066163644,0.0003438895742874593
1680,0.0015776563028339296,0.0002820339082973078
1681,0.0016821206241729668,0.0002963634877232835
1682,0.0016651163328788242,0.00030068835476413367
1683,0.0018410692995530554,0.0002506142714992166
1684,0.0016822040910483339,0.0003321973141282797
1685,0.0016607828300038818,0.0003443140361923724
1686,0.0016891543637029827,0.0003301540302345529
1687,0.0017320175480563193,0.0003195792029146105
1688,0.0015737573557998985,0.0003314655623398721
1689,0.0016462454063002952,0.00025673064519651236
1690,0.001652529233979294,0.00030025042651686816
1691,0.0017965702398214489,0.0003413896803976968
1692,0.0016565732992603443,0.0002591760567156598
1693,0.0018358498768066057,0.0002531265461584553
1694,0.0015822742498130538,0.0002446217433316633
1695,0.0017795512903830968,0.00037036416179034857
1696,0.0015361596044385806,0.00029993386415299027
1697,0.001737898947612848,0.0003153907804517075
1698,0.0015528324685874396,0.0003162665117997676
1699,0.0015696924871008377,0.0002528321594581939
1700,0.0015231200988637284,0.0003613440552726388
1701,0.0016062906230217776,0.0003062868199776858
1702,0.0014827290695393458,0.0002994819747982547
1703,0.001852319302270189,0.00022696521336911245
1704,0.0015510183584410697,0.00033368042204529047
1705,0.0017461186769651249,0.0002651710878126323
1706,0.0016310559250996449,0.0002277230960316956
1707,0.0017580829473445192,0.00025365921610500666
1708,0.001653158494445961,0.00026471085438970474
1709,0.0016855769834364764,0.0002885654364945367
1710,0.0015874172990152148,0.0002696383307920769
1711,0.00171648727482534,0.00035404850787017493
1712,0.0015823666253709234,0.00027322306705173104
1713,0.001724444268620573,0.00027720800426322967
1714,0.0015015288008726202,0.000269743477110751
1715,0.0017761338574928231,0.00025101007777266203
1716,0.001690250365936663,0.00032706919009797277
1717,0.0016650580022542273,0.00032612486684229224
1718,0.0017677094176178799,0.0003123703063465655
1719,0.0016585197765380145,0.0002603712404379621
1720,0.0016349614219507203,0.00027223564102314414
1721,0.0017343854677164927,0.0002265820890897885
1722,0.001717021049989853,0.0002901987376390025
1723,0.001591834182909224,0.0002753787412075326
1724,0.0017069066510885023,0.00023001731751719489
1725,0.0017084462640923447,0.00034226351708639414
1726,0.0016278875191346742,0.0002974649454699829
1727,0.0015547867718851195,0.00030377699295058846
1728,0.0017015501754940488,0.0003166284062899649
1729,0.0016768250527093187,0.00024685730459168554
1730,0.0017658898010267875,0.0002952594222733751
1731,0.0017167712794616818,0.0003566494560800493
1732,0.0016518247219210024,0.0002508899546228349
1733,0.0016865242374478838,0.00025562714436091485
1734,0.0017371867506881244,0.00038509197474922985
1735,0.0017933152892510406,0.0003087310411501676
1736,0.0015787076808919664,0.0003602939541451633
1737,0.0016231751535087824,0.0003009270236361772
1738,0.0014617830434872302,0.00024357953370781615
1739,0.0017888238769955933,0.0002502338757039979
1740,0.0016195959760807455,0.00022783820022596047
1741,0.0016165092958544847,0.0003038781724171713
1742,0.0017255446655326523,0.00030594534764532
1743,0.001750382871250622,0.00032831357966642825
1744,0.001660824762075208,0.00027680387429427353
1745,0.0018324321870750282,0.0002370925387367606
1746,0.0014387897404958493,0.0002636166231241077
1747,0.0016553335430216976,0.00025527821271680294
1748,0.0017824864538852126,0.00034197584027424456
1749,0.001682893199904356,0.0004276680265320465
1750,0.001718175168207381,0.00034564410743769257
1751,0.0016647855110932142,0.00029938313527964053
1752,0.0015448377562279347,0.0002592050819657743
1753,0.0016704048117389902,0.00023584920418215916
1754,0.0016158118974999524,0.00028991935250815003
1755,0.001666704828676302,0.0002574444661149755
1756,0.0016826577775646001,0.0002745379664702341
1757,0.0017196583692566491,0.00027635601873043925
1758,0.0016119503168738447,0.0003572222893126309
1759,0.0017296661550062708,0.0002484711614670232
1760,0.0018410884869808797,0.0003060601477045566
1761,0.0016414922545664012,0.000261227841838263
1762,0.0016772293878602796,0.0002869260817533359
1763,0.0015276851954695303,0.0003033515647985041
1764,0.0017831043791375124,0.0003043931763386354
1765,0.0017377400188706815,0.0003030046937055886
1766,0.001837323200015817,0.00037426452327053993
1767,0.001537643979099812,0.0003007210994837806
1768,0.0017222582624526694,0.00024847291642799975
1769,0.0015067766405991278,0.0002987635147292167
1770,0.0016128782051964663,0.0002604547655209899
1771,0.0016021220915718004,0.00027688932896126063
1772,0.0017770513659343123,0.00026333516580052675
1773,0.0018046301353024318,0.00028652628534473477
1774,0.0015643046848708765,0.00028529626433737576
1775,0.0017334287389530801,0.0003229466557968408
1776,0.001710679406824056,0.00021808234159834683
1777,0.0015862782616750336,0.00029257404094096273
1778,0.0016849300809553824,0.0002275982784340158
1779,0.0016765431631938555,0.0002395964620518498
1780,0.0018223127539386042,0.00032896455377340317
1781,0.0017400899916538038,0.00033497960248496383
1782,0.0017877603328088298,0.00031745732703711835
1783,0.0017142465381766669,0.0003152965102344751
1784,0.0017782322902348824,0.0002123078389558941
1785,0.0016855258065334056,0.0002898856590036303
1786,0.0016225024228333496,0.00026730055396910756
1787,0.001749079419823829,0.0003426232287893072
1788,0.0017531681005493738,0.00032044878171291204
1789,0.0016744445718359202,0.00031729378388263286
1790,0.001726375173893757,0.0002761462237685919
1791,0.0016753735981183127,0.0002769259765045717
1792,0.0019144724705256523,0.0002438551571685821
1793,0.0014768094966711941,0.00023895966296549886
1794,0.0015640932448150124,0.0002597282495116815
1795,0.0017876920130220242,0.00033268148836214096
1796,0.0017301298197708093,0.0002731870830757543
1797,0.0016554101108340546,0.0002464853401761502
1798,0.0016658707885653713,0.000296099140541628
1799,0.00164801191422157,0.0002522749564377591
1800,0.0016349041310604663,0.0002875893987948075
1801,0.0017101468562032095,0.0002958095428766683
1802,0.0015596669254591689,0.0002876069163903594
1803,0.0017160470961243846,0.0003020972333615646
1804,0.0014806395847699605,0.00023973350034793838
1805,0.0016109824573504739,0.00030908979824744164
1806,0.0017045982458512299,0.0003159440355375409
1807,0.00168837344244821,0.00022315011883620173
1808,0.0017568413706612774,0.0002491928738891147
1809,0.0017128373350715266,0.00030724690877832473
1810,0.001730183817562647,0.00033549125073477625
1811,0.0015881943916610907,0.00031631144520360976
1812,0.002008187219325919,0.0002753490611212328
1813,0.0015400785821839235,0.00024221449421020226
1814,0.001995702084968798,0.00023763968929415568
1815,0.0014208883134415374,0.00029685491463169453
1816,0.0016256804818112868,0.0002385094077908434
1817,0.0015453325773705727,0.00023740404285490512
1818,0.0018278394738445059,0.0002942132472526282
1819,0.0016278947237879037,0.0003405007882975042
1820,0.001692924818780739,0.0003269654349423945
1821,0.00161292589691584,0.00038102440012153236
1822,0.0018429031435516663,0.00034133715962525457
1823,0.0015209481702186168,0.0002645728993229568
1824,0.0016653221726301126,0.0002675788215128705
1825,0.001711524400889175,0.0002734571695327759
1826,0.0018522909202147275,0.00028656140493694694
1827,0.0018015585243119857,0.0002661678387084976
1828,0.001543308235704899,0.00028809055511374025
1829,0.0018005352321779355,0.0004233301238855347
1830,0.0015410759122460149,0.00027371524192858486
1831,0.0016405022804974578,0.0002861803106497973
1832,0.001514477482851362,0.00026257524732500317
1833,0.0017476332795922644,0.00027167056396137923
1834,0.0016685359936673195,0.00028292287315707655
1835,0.0015862521700910292,0.0002539486304158345
1836,0.0016527283427421936,0.0002470779698342085
1837,0.0017225005736690945,0.0002877348073525354
1838,0.0015709773448179475,0.00022741984575986863
1839,0.0015452216073754243,0.0002521648013498634
1840,0.001881778692768421,0.00032278199796564877
1841,0.001534715504385531,0.0002476482739439234
1842,0.0017444839177187532,0.0003170107462210581
1843,0.0013536664417188149,0.0003066759469220415
1844,0.0017575379388290457,0.0003588170453440398
1845,0.001596256827178877,0.0003241366794100031
1846,0.0017368920845910907,0.0002810277743265033
1847,0.0014625555952079595,0.0002362878731219098
1848,0.001714298730075825,0.00034916221629828216
1849,0.0016214519971981644,0.00026680902810767294
1850,0.0016130852862261235,0.0002550214936491102
1851,0.001468120585923316,0.0002757808193564415
1852,0.0016555269219679758,0.0002693013986572623
1853,0.0015591877978295087,0.00024153912381734698
1854,0.0018428692041197793,0.00027855273510795086
1855,0.0015163300609856377,0.0002442473458359018
1856,0.0018228693908895366,0.00039415339124388994
1857,0.0016969629825325683,0.0003158501582220197
1858,0.0016105318514746613,0.00023353751166723668
1859,0.0017992467823205517,0.0003131238598143682
1860,0.001552102403366007,0.00029695111734326927
1861,0.001656087218725588,0.00029607497854158284
1862,0.001856563774344977,0.0003088216297328472
1863,0.0016536438022740185,0.000333642031182535
1864,0.0014924442970368546,0.0002456185582559556
1865,0.0017779726251319517,0.000281592778628692
1866,0.0016518514457857236,0.0002607799251563847
1867,0.0016547955099667888,0.00025564866955392064
1868,0.0014787740081374067,0.0003943510993849486
1869,0.001714540968532674,0.0004343473381595686
1870,0.0016487771659740246,0.00030906979518476876
1871,0.0016801235033199191,0.0003222634026315063
1872,0.0015142001982894726,0.00028546767716761676
1873,0.0017157703332486562,0.0003663679788587615
1874,0.0016074649276561104,0.00034274344507139175
1875,0.0015866097150137649,0.00026332855923101307
1876,0.00165426901075989,0.0002229734120192006
1877,0.0015429687220603228,0.0003086633398197591
1878,0.0015674539361498318,0.0002444373007165268
1879,0.0015177696317550727,0.00027014501974917946
1880,0.0015879361453698948,0.00026774057769216595
1881,0.0017126442413427866,0.0004033662204165012
1882,0.0016592497428064234,0.00022259956313064322
1883,0.0016720490086299833,0.00035030681756325065
1884,0.0016052607563324273,0.0003119082888588309
1885,0.0017233477788977324,0.0002569780859630555
1886,0.0016676959741744213,0.0002898215490859002
1887,0.001736831123707816,0.0002816737163811922
1888,0.0015356370247900486,0.0002688939857762307
1889,0.0016243690595729276,0.0003066518227569759
1890,0.0014946571609470993,0.00023983545106602832
1891,0.0017225828327354976,0.000269829947501421
1892,0.0016154948942130431,0.00026268292567692696
1893,0.0016753416406572797,0.00024217807804234327
1894,0.0017365739549859427,0.0002739934338023886
1895,0.001662187023612205,0.0002927180612459779
1896,0.0016486089894897304,0.00029978129314258697
1897,0.0016593884865869768,0.0002971532143419608
1898,0.0017438459486584178,0.00025829258665908126
1899,0.0015470565718715078,0.0003013494540937245
1900,0.001606771302613197,0.00026214417302981017
1901,0.001472326811926905,0.00028421660827007147
1902,0.00156134271674091,0.0002525397343561053
1903,0.001571449142647907,0.00028270389011595396
1904,0.0015850566967856139,0.0003075930668273941
1905,0.0016976366445305758,0.00029863731178920717
1906,0.0014825467675109393,0.0002749335486441851
1907,0.0017446065947297029,0.00024203642242355273
1908,0.0015905237160040997,0.00028552907460834833
1909,0.0017653396891546436,0.00029448941932059826
1910,0.001560177763167303,0.00031722213607281445
1911,0.001652324137103278,0.00035430712450761347
1912,0.0016781128535512835,0.00023311975091928617
1913,0.0017191584476677236,0.00034618219069670886
1914,0.001568312244489789,0.00024284626997541636
1915,0.001525864249560982,0.0002965835825307295
1916,0.0017330757909803651,0.00030878580873832106
1917,0.0015712942855316213,0.0003497698286082596
1918,0.0015516350627876817,0.000319896949804388
1919,0.0016815967457660009,0.0002835295716067776
1920,0.0014699380917591043,0.00024452268553432077
1921,0.0016508506159880199,0.0003806286462349817
1922,0.001421591495454777,0.00028010338719468563
1923,0.0014011125633260236,0.00022702840651618318
1924,0.0017236831299669575,0.00032767454977147283
1925,0.0015020462073152886,0.0003595360845793039
1926,0.001596533904375974,0.00028168296557851136
1927,0.0017020137660438196,0.00030865226872265337
1928,0.001669936758116819,0.00027867722092196346
1929,0.0016459167476568838,0.0002488152502337471
1930,0.0016667900126776658,0.00034768096229527147
1931,0.0016118217608891428,0.00047843428619671614
1932,0.0016609734331723303,0.0003171623684465885
1933,0.001569700909021776,0.0002939412515843287
1934,0.0015548822411801666,0.0002603513479698449
1935,0.0015318965160986409,0.00027309259166941047
1936,0.0016122282671858557,0.00025436482101213185
1937,0.0016707677743397654,0.00032182435970753433
1938,0.0017420255338947755,0.0002969105291413143
1939,0.001652487697720062,0.00022836152784293516
1940,0.0015727899721241557,0.00026269164227414875
1941,0.0017152477659692523,0.00033127202186733484
1942,0.001646375910786446,0.00030482821457553653
1943,0.0014287456244346686,0.000272100669099018
1944,0.0016344539966667072,0.00030716439359821377
1945,0.00154898080509156,0.00026466654380783437
1946,0.0014894669962814077,0.00027881270798388866
1947,0.0018201768107246608,0.00027260022470727564
1948,0.001606669979810249,0.0003462541091721505
1949,0.0015228998701786623,0.00026107342564500867
1950,0.0016063328868767713,0.00025351251242682337
1951,0.0015773552375321742,0.0003036904003238305
1952,0.0016693274323188235,0.00042658838792704047
1953,0.0015786922216648237,0.0003056871588341892
1954,0.0017265725269680842,0.0003389139339560643
1955,0.001566323520091828,0.00023955426877364516
1956,0.001588852147688158,0.00031996557372622193
1957,0.001726838569447864,0.0002673206909094006
1958,0.0015951452412991784,0.00027510815416462717
1959,0.0015465497119294014,0.00026382762007415295
1960,0.001801175973378122,0.0003253602277254686
1961,0.0016298377275234088,0.00024434544320683926
1962,0.0017224917202838697,0.00027186474471818656
1963,0.0016607363591901957,0.0002845641312887892
1964,0.0016982986082439311,0.00025501854834146797
1965,0.0014693643010105007,0.0002784139767754823
1966,0.0015940140263410285,0.00023043224937282502
1967,0.0017586711881449446,0.0002771784755168483
1968,0.001688077559811063,0.0002757660986389965
1969,0.0016708222712622956,0.0002998103387653828
1970,0.0015240187945892102,0.0002778769558062777
1971,0.0016844370489707216,0.0003043057513423264
1972,0.0015937582553306128,0.0003061095456359908
1973,0.0013404123405052816,0.00033105234033428135
1974,0.001638875380740501,0.00032197822292800993
1975,0.0016338498200639151,0.00040332208445761355
1976,0.0016535259448573925,0.00028181175875943156
1977,0.0016443661384982987,0.00030230778502300383
1978,0.0015865943511016666,0.00023951525217853488
1979,0.001559439175616717,0.000293172019883059
1980,0.001520705022267066,0.0002271453762659803
1981,0.0018449827417498454,0.00026998561806976793
1982,0.0016094597449409775,0.00032175071828532964
1983,0.0018027926416834816,0.000265856328769587
1984,0.001398706605687039,0.00024624161305837334
1985,0.0015720231014711317,0.00026616914547048507
1986,0.0016062873881310224,0.00034201956004835664
1987,0.00169350198993925,0.00036230588739272207
1988,0.0014419226899917703,0.00029885034600738434
1989,0.0016201741076656618,0.0002566147828474641
1990,0.001691803707217332,0.0002982339268783107
1991,0.001439353174646385,0.0002996448311023414
1992,0.001613273800467141,0.0003013769106473774
1993,0.0014012319428729826,0.00023444995749741793
1994,0.0017778148205252365,0.00033026537857949734
1995,0.0015446120931301266,0.00030503894959110767
1996,0.0016711394157027826,0.0003003385732881725
1997,0.0017353324117721058,0.00027212021814193577
1998,0.0015400721924379468,0.0002495123218977824
1999,0.0015607615845510737,0.00021944661857560278
2000,0.0015711055319115985,0.00030917886761017144
